INSERT INTO "users" ("id", "name", "email", "email_verified_at", "password", "remember_token", "created_at",
                     "updated_at", "permissions")
VALUES (1, 'Никита Кирин', 'kirinnikita1406@gmail.com', NULL,
        '$2y$10$GYCcMYZv1x7FHZQk6ivBn.z5P90LcLiAjN7f3HSEXzB8K6QjTBnOG',
        'wtg8Uyzk9xIMIbcISFVFas04dzlhYHmXL64NWaL4uMrWnRGI2M358OJYkSfX', '2022-10-30 11:57:11', '2023-01-20 21:24:55',
        '{"platform.index": "1", "platform.systems.roles": "1", "platform.systems.users": "1", "platform.systems.attachment": "1"}'),
       (2, 'Елена', 'elena.grekova@urfu.me', NULL, '$2y$10$7.yE6vzq/5xck0o8oLmJxezTvMExnVONvnq2pfGECUReoH1UqZJ2e',
        'whtQzkbGKJZsdMLHQovfBJpEjYKG6yZKZ5SSlXa73nH2HFawrQtXquwAicPl', '2022-10-30 12:14:30', '2022-10-30 12:33:06',
        '{"platform.index": "1", "platform.systems.roles": "1", "platform.systems.users": "1", "platform.systems.attachment": "1"}'),
       (3, 'Артём', 'artem.belov@urfu.me', NULL, '$2y$10$U3nKms1CBtKqKWUV9hiKWOZI11Yfs8Z6ZxqGVT0vMQWRYWWyOX5Ya',
        'NA2BXCgZq2Lat9lVeV79vDTCEzjc7F4lLVvB8ON02cAkx0CBHXM6d7UCPAS4', '2022-10-30 12:15:02', '2022-10-30 12:33:30',
        '{"platform.index": "1", "platform.systems.roles": "1", "platform.systems.users": "1", "platform.systems.attachment": "1"}'),
       (4, 'Елизавета', 'elizaveta.bykova@urfu.me', NULL,
        '$2y$10$qNs1SmwhX6ndsIIxd42td.LfHWd.72rKPwi1EUnmYVYW3ADbfJCQW',
        'sDovJJrdpuRhrNHWBa8kIIVtT8ycol0SbcZYjcMJ00jVWoJSFpMgwJrlqkXr', '2022-10-30 12:15:48', '2022-12-02 18:14:12',
        '{"platform.index": "1", "platform.systems.roles": "1", "platform.systems.users": "1", "platform.systems.attachment": "1"}'),
       (6, 'Елена Конюхова', 'elena.koniukhova@urfu.me', NULL,
        '$2y$10$qyCZbTCVz2A/kQzd/QDUbOEO8e4LL9niMsfzSuNdsvzj0tYWWqbKq',
        'Z3QLeTqKWNw561EnQbmh0Xrg3RIxGnhQHz3FPros6l7oXyoNIv1409mvnrN7', '2022-10-30 12:49:20', '2022-10-30 12:49:20',
        '{"platform.index": "1", "platform.systems.roles": "1", "platform.systems.users": "1", "platform.systems.attachment": "1"}'),
       (7, 'Сергеева Любовь Владимировна', 'l.v.sergeeva@urfu.ru', NULL,
        '$2y$10$rEav0GrgQfjoA0aI6Hwh3.UNmuLqfLimn2lD3vhTcM/grL6GG2pSW',
        'LVAWPd84V1winHlYlVq1d8eN50Ygnoarcotgz0OxmnHbX8Y4JCrBsZpWIHSo', '2022-11-02 19:19:35', '2022-11-02 19:19:35',
        '{"platform.index": "1", "platform.systems.roles": "1", "platform.systems.users": "1", "platform.systems.attachment": "1"}');

INSERT INTO "attachments" ("id", "name", "original_name", "mime", "extension", "size", "sort", "path",
                           "description", "alt", "hash", "disk", "user_id", "group", "created_at",
                           "updated_at")
VALUES (2, '83c436d2c65f214fcfd567a298a85fae90bdda01', 'blob', 'image/png', 'png', 386061, 0, '2022/10/30/', NULL, NULL,
        'a9f93fcc83640c1f6153fac12969c7b852e9f1a6', 'public', 3, NULL, '2022-10-30 13:34:47', '2022-10-30 13:34:47'),
       (4, 'ce37aa005eee97781997cbdd8e3114c4170f6aeb', 'blob', 'image/png', 'png', 474180, 0, '2022/11/07/', NULL, NULL,
        'da6e6574f9b1ec5fe94a8c39008e27b70613d474', 'public', 3, NULL, '2022-11-07 16:39:08', '2022-11-07 16:39:08'),
       (5, 'a9ae5197cc3b5d8df25eccf8d8627396c82f3b1b', 'blob', 'image/png', 'png', 705443, 0, '2022/11/07/', NULL, NULL,
        '3988ccc3869dc4d441a911e81cefcb02d960f8e1', 'public', 3, NULL, '2022-11-07 16:40:35', '2022-11-07 16:40:35'),
       (6, 'dba31c23e4f05d03d944d8fc44b0686615e64dbe', 'blob', 'image/png', 'png', 222778, 0, '2022/11/07/', NULL, NULL,
        '35b89979207a451258bdabb7b1c0bb10629cae10', 'public', 3, NULL, '2022-11-07 16:42:18', '2022-11-07 16:42:18'),
       (7, 'f99b868fa7850d24f717d8f0bcf0d0435b98c7e8', 'blob', 'image/png', 'png', 212831, 0, '2022/11/07/', NULL, NULL,
        'e41c678250b40af42119cd3769684b8259b2e4ee', 'public', 3, NULL, '2022-11-07 16:42:32', '2022-11-07 16:42:32'),
       (8, '9f5b5580f64aebea4c1bdfd9160dda1a20299270', 'blob', 'image/png', 'png', 437736, 0, '2022/11/07/', NULL, NULL,
        '72af2b807cdc681381abd52bc005519f0fae2c04', 'public', 3, NULL, '2022-11-07 16:44:01', '2022-11-07 16:44:01'),
       (9, '712296e6592167140ced5a1ac99efae499f1c42c', 'blob', 'image/png', 'png', 3485119, 0, '2022/11/07/', NULL,
        NULL, '6e53786dcf0e3d909a4b0ee0b9a3b21e0b692cc6', 'public', 3, NULL, '2022-11-07 16:47:20',
        '2022-11-07 16:47:20'),
       (13, '0cb2b13a0ad9628f981c31b01674be9c169447de', 'blob', 'image/png', 'png', 36677, 0, '2022/11/28/', NULL, NULL,
        'd33214e02e449b50a476417c93358bde8773002c', 'public', 3, NULL, '2022-11-28 20:58:06', '2022-11-28 20:58:06'),
       (14, '948320fa7f34c634e5d4406e3faa3906b27d4426', 'blob', 'image/png', 'png', 2363, 0, '2022/11/28/', NULL, NULL,
        'c1b73874585035e71f8a0037df8d4519b40ed38b', 'public', 3, NULL, '2022-11-28 21:10:06', '2022-11-28 21:10:06'),
       (15, 'c94df111b59ebb5626c26f0afa4e635a0b312cd7', 'blob', 'image/png', 'png', 84509, 0, '2022/11/28/', NULL, NULL,
        '062179ca3c34f4f84be995d7fb8204b854fcc29a', 'public', 3, NULL, '2022-11-28 21:12:36', '2022-11-28 21:12:36'),
       (16, 'a93c48d410e0b0bca41453f6b2ab584ae32f0af1', 'blob', 'image/png', 'png', 75957, 0, '2022/11/30/', NULL, NULL,
        'd3d6040bfa06590c75ddf7a42a62e55de073e185', 'public', 1, NULL, '2022-11-30 10:41:56', '2022-11-30 10:41:56'),
       (17, 'a13dcc2de0929a6abe4807769d6e70b2c87747b6', 'blob', 'image/png', 'png', 228538, 0, '2022/12/01/', NULL,
        NULL, 'b9fbb83150d0cf8339513e6a5a2b1e35a2e4b542', 'public', 1, NULL, '2022-12-01 09:29:37',
        '2022-12-01 09:29:37'),
       (18, '07bde28b0430ddcf8ae8ae3e485b5338c7ca5b2a', 'blob', 'image/png', 'png', 18829, 0, '2022/12/02/', NULL, NULL,
        'cbc59fbf72fde7e23dc1af749a94762864c8a463', 'public', 2, NULL, '2022-12-02 19:55:50', '2022-12-02 19:55:50'),
       (19, 'f64bebed7f13a702b96d1824f45648e2fffc1791', 'blob', 'image/png', 'png', 18839, 0, '2022/12/02/', NULL, NULL,
        'fd8e21211e2044e3bf32368f2bd712f5c4efd256', 'public', 2, NULL, '2022-12-02 20:00:18', '2022-12-02 20:00:18'),
       (20, 'f4501624d3728252d96630deb312f1770bcf7878', 'blob', 'image/png', 'png', 64078, 0, '2022/12/02/', NULL, NULL,
        'cfc4683b835f2b5dea4531bd65b4a1ac294f0c0d', 'public', 2, NULL, '2022-12-02 20:09:53', '2022-12-02 20:09:53'),
       (21, '60f47a5b3b24922de4ad6d73d676b7c61cf3b6c5', 'blob', 'image/png', 'png', 15199, 0, '2022/12/02/', NULL, NULL,
        '63becde4607a68ccd660ce494c4f3de50248f6b7', 'public', 2, NULL, '2022-12-02 20:12:06', '2022-12-02 20:12:06'),
       (22, 'ab373170decdb525aedc0f00200944fc15a38688', 'blob', 'image/png', 'png', 25673, 0, '2022/12/02/', NULL, NULL,
        'cb75796da71b09d4704bc12a1aa7b5335edc3715', 'public', 2, NULL, '2022-12-02 20:12:38', '2022-12-02 20:12:38'),
       (23, 'c5d065947bb0a63222aaa38c6195c383223b399f', 'blob', 'image/png', 'png', 56693, 0, '2022/12/02/', NULL, NULL,
        '7bea559e09280a6498fb8026a581efce2fff1576', 'public', 2, NULL, '2022-12-02 20:59:54', '2022-12-02 20:59:54'),
       (24, '2b2406d74531cd9f4ea6d9d156f8e7afcecb34f8', 'blob', 'image/png', 'png', 103055, 0, '2022/12/02/', NULL,
        NULL, '0020ea0133cc4f538139fa6ba9ddc29d86c2ff6b', 'public', 2, NULL, '2022-12-02 21:02:43',
        '2022-12-02 21:02:43'),
       (25, '73655ab77c72ac49f84a1c243c82f3602e2e0a5f', 'blob', 'image/png', 'png', 35030, 0, '2022/12/02/', NULL, NULL,
        '9ee21a295408a8b0ff34128acda047351c92f00f', 'public', 2, NULL, '2022-12-02 21:03:28', '2022-12-02 21:03:28'),
       (26, 'c1c45c7102a470874ea6d49512fb8aa4cf9cd7b0', 'blob', 'image/png', 'png', 103256, 0, '2022/12/02/', NULL,
        NULL, '7192bbe4d5cfb640f04e5d3cbba6c75834e14f74', 'public', 3, NULL, '2022-12-02 22:41:02',
        '2022-12-02 22:41:02'),
       (27, 'bd540f2e3d9c287c624fb53d27930991dcd2e93b', 'blob', 'image/png', 'png', 38279, 0, '2022/12/03/', NULL, NULL,
        'f4a2352f01ffdf760c2f62c4feb405664508cf6d', 'public', 3, NULL, '2022-12-03 01:03:12', '2022-12-03 01:03:12'),
       (28, '50d5f5ec20bb5f4e35d396be617a5903e8a6b5ed', 'blob', 'image/png', 'png', 10735, 0, '2022/12/03/', NULL, NULL,
        'e19561e9ec211c3a76a42628ebf8f0534d40bceb', 'public', 1, NULL, '2022-12-03 17:13:26', '2022-12-03 17:13:26'),
       (29, '49361cb24792157a6b7a0cbe9af60f2bca54b4bb', 'blob', 'image/png', 'png', 26875, 0, '2022/12/03/', NULL, NULL,
        '93b1e81d1fc590564b51dfa9e0cb4e31388e9bed', 'public', 1, NULL, '2022-12-03 17:14:14', '2022-12-03 17:14:14'),
       (30, 'b802f76f4d7bf8161776721af4f0734e62260389', 'blob', 'image/png', 'png', 104316, 0, '2022/12/03/', NULL,
        NULL, '0b476f3055d68fde3f05b72150496c778e3cdf8e', 'public', 1, NULL, '2022-12-03 17:15:24',
        '2022-12-03 17:15:24'),
       (31, '93f83ed22b2a3473de2509243214119ef9f91974', 'blob', 'image/png', 'png', 40974, 0, '2022/12/03/', NULL, NULL,
        '1163a1207d9e58fcbf079ed01533ff85904fdc46', 'public', 1, NULL, '2022-12-03 17:18:09', '2022-12-03 17:18:09'),
       (32, '305cc8ae56cb6280e5643a3ee3d64adadc76b88d', 'blob', 'image/png', 'png', 30438, 0, '2022/12/03/', NULL, NULL,
        '03975dcabf97d3347ec013acd340dd8b4eae155b', 'public', 1, NULL, '2022-12-03 17:29:18', '2022-12-03 17:29:18'),
       (33, '613287858b0945bfba8d46d137e8e4e50a29512f', 'blob', 'image/png', 'png', 8090, 0, '2022/12/03/', NULL, NULL,
        '2fbf284ba0fc5daacd031c408ac971778f4eec26', 'public', 1, NULL, '2022-12-03 17:32:20', '2022-12-03 17:32:20'),
       (34, 'e6d541bb595525b58520876cc5ef17c4856374ca', 'blob', 'image/png', 'png', 28800, 0, '2022/12/04/', NULL, NULL,
        'cfe50101abe874258881a33fc7b530457278c240', 'public', 3, NULL, '2022-12-04 15:39:37', '2022-12-04 15:39:37'),
       (58, '2fc9a66747c97656ce1fa2d5042004390c4d814b', 'Data-science-1.svg', 'image/svg+xml', 'svg', 36173, 0,
        '2022/12/29/', NULL, NULL, '2ad29e34fd837b44394b86f855d083d033a8a3d4', 'public', 1, 'icons',
        '2022-12-29 17:14:05', '2022-12-29 17:14:05'),
       (59, 'c03041c8c560c1631b37d2e6defe90d3cc12e976', 'Web.svg', 'image/svg+xml', 'svg', 9729, 0, '2022/12/29/', NULL,
        NULL, '49ff3db84d2deb40b706b7afa262112b68d6e30d', 'public', 1, 'icons', '2022-12-29 17:14:39',
        '2022-12-29 17:14:39'),
       (60, 'f749fe3c588ffa09afed90f367dfc0165ddc36b9', 'Администрирование баз данных-1.svg', 'image/svg+xml', 'svg',
        5973, 0, '2022/12/29/', NULL, NULL, '932b4cb58a1b2a92455d98d1020ff459ba2482dd', 'public', 1, 'icons',
        '2022-12-29 17:14:53', '2022-12-29 17:14:53'),
       (61, '5532f75bb9261b9a8344e3827f6a4ef87d20fd5c', 'Mobile-разработка.svg', 'image/svg+xml', 'svg', 9686, 0,
        '2022/12/29/', NULL, NULL, 'a031cf59fadcaba52b4bce51b41bf9aa3b80bc30', 'public', 1, 'icons',
        '2022-12-29 17:15:09', '2022-12-29 17:15:09'),
       (62, '997528c0febd235113cbb31b6578585f1460d943', 'Desktop-разработка.svg', 'image/svg+xml', 'svg', 9278, 0,
        '2022/12/29/', NULL, NULL, 'a5dd89ea461846020adb1d202340f02a1845027b', 'public', 1, 'icons',
        '2022-12-29 17:15:54', '2022-12-29 17:15:54'),
       (63, '3260bde267ed532cb7f3cc1fd18f83a7b4e2ee49', 'Управление проектами-1.svg', 'image/svg+xml', 'svg', 14014, 0,
        '2022/12/29/', NULL, NULL, '5c25a4864aa0e129095f0aea26714e37d39698fe', 'public', 1, 'icons',
        '2022-12-29 17:16:10', '2022-12-29 17:16:10'),
       (64, '221dcc3e236fa546f5006227cfd2db98d001aea6', 'Аналитика-1.svg', 'image/svg+xml', 'svg', 11047, 0,
        '2022/12/29/', NULL, NULL, '860d83ea6a31e46582d1da78ca7f3ba70ace8aeb', 'public', 1, 'icons',
        '2022-12-29 17:16:30', '2022-12-29 17:16:30'),
       (65, 'e78acafc37bd9b52737ef594eb7cf39d19832929', 'DevOps-1.svg', 'image/svg+xml', 'svg', 12702, 0, '2022/12/29/',
        NULL, NULL, 'ac2db17ef3fbe767f647c4936a00ca3ff17ffeac', 'public', 1, 'icons', '2022-12-29 17:17:06',
        '2022-12-29 17:17:06'),
       (66, '356b046a23885d64ccac1d29945dedf16ecde0d9', 'Интернет Маркетинг.svg', 'image/svg+xml', 'svg', 12993, 0,
        '2022/12/29/', NULL, NULL, '8e2cbfe4dc7517352edc813f0a2032b70097640c', 'public', 1, 'icons',
        '2022-12-29 17:17:18', '2022-12-29 17:17:18'),
       (67, '3b3862900583a784fd626feaf138bb59230bbeb1', '1c, ERP.svg', 'image/svg+xml', 'svg', 24167, 0, '2022/12/29/',
        NULL, NULL, 'f72e2bea839dc0c51feb2d7a992c172a3b3b8be4', 'public', 1, 'icons', '2022-12-29 17:17:34',
        '2022-12-29 17:17:34'),
       (68, '38c985b4978334df959b8730ed8ce535c36bb94f', 'Информационная безопасность-1.svg', 'image/svg+xml', 'svg',
        16178, 0, '2022/12/29/', NULL, NULL, '50f75c815b3346649d2e0580edcbea1dcf61c04e', 'public', 1, 'icons',
        '2022-12-29 17:17:50', '2022-12-29 17:17:50'),
       (70, 'b81fcf80ccefedb0dfbb02c2c2b77b8516f1356d', 'Робототехника-1.svg', 'image/svg+xml', 'svg', 15431, 0,
        '2022/12/29/', NULL, NULL, '0b67fbefc96f3f7210cf8f1818f9a15d6fceed85', 'public', 1, 'icons',
        '2022-12-29 17:18:27', '2022-12-29 17:18:27'),
       (71, '9c68d514f29a64e192b63d537c93f132b1ffb18e', 'IOT-1.svg', 'image/svg+xml', 'svg', 12867, 0, '2022/12/29/',
        NULL, NULL, '3ce10c38c9265216eef90febbdcb8000a9b7e9d0', 'public', 1, 'icons', '2022-12-29 17:19:10',
        '2022-12-29 17:19:10'),
       (72, 'a413d42e8522b266881f7a76e878cb175ef00a6a', 'Дизайн-1.svg', 'image/svg+xml', 'svg', 12500, 0,
        '2022/12/29/', NULL, NULL, 'df630875944d913962385bccacf4355297a4a079', 'public', 1, 'icons',
        '2022-12-29 17:19:33', '2022-12-29 17:19:33'),
       (73, '3260bde267ed532cb7f3cc1fd18f83a7b4e2ee49', 'Управление проектами-1.svg', 'image/svg+xml', 'svg', 14014, 0,
        '2022/12/29/', NULL, NULL, '5c25a4864aa0e129095f0aea26714e37d39698fe', 'public', 1, 'icons',
        '2022-12-29 17:19:51', '2022-12-29 17:19:51'),
       (74, '44351d20e0fd96ad0ff284c5ed02965ba327fbcc', 'Group.svg', 'image/svg+xml', 'svg', 24265, 0, '2022/12/29/',
        NULL, NULL, 'fed8d52bcc2b6abf7b1382f1b1130dd7d4af771f', 'public', 1, 'icons', '2022-12-29 17:21:23',
        '2022-12-29 17:21:23'),
       (75, 'e1ae677ed92509d92ead6a1fa2332172c514796a', 'blob', 'image/png', 'png', 83565, 0, '2022/12/29/', NULL, NULL,
        '11006007ca571855471d08676a097dcb708d9e1a', 'public', 1, NULL, '2022-12-29 17:23:06', '2022-12-29 17:23:06'),
       (76, 'df99b4cbc92d85c18b52ee54243f2a85e5b458bf', 'blob', 'image/png', 'png', 83851, 0, '2022/12/29/', NULL, NULL,
        '7ad4d5818f0dc48c58a6be7255be31840381e96a', 'public', 1, NULL, '2022-12-29 17:25:19', '2022-12-29 17:25:19'),
       (77, 'b5f1327db293591b60894fc0566bb77b23803a1a', 'blob', 'image/png', 'png', 67582, 0, '2022/12/29/', NULL, NULL,
        '51497fd5e4e227738e9a62b2807fec1c9bddc43e', 'public', 1, NULL, '2022-12-29 17:27:57', '2022-12-29 17:27:57'),
       (79, 'df99b4cbc92d85c18b52ee54243f2a85e5b458bf', 'blob', 'image/png', 'png', 83851, 0, '2022/12/29/', NULL, NULL,
        '7ad4d5818f0dc48c58a6be7255be31840381e96a', 'public', 1, NULL, '2022-12-29 17:30:40', '2022-12-29 17:30:40'),
       (80, 'c5781020a3d26dc3971df694b7ad043880f5e97e', 'blob', 'image/png', 'png', 83902, 0, '2022/12/29/', NULL, NULL,
        '704904f29d20a073acc8d9f6f156b96aab09caaa', 'public', 1, NULL, '2022-12-29 17:32:29', '2022-12-29 17:32:29'),
       (81, '8aa7f51e90303d09335a930ef4db41411607e86e', 'blob', 'image/png', 'png', 36634, 0, '2022/12/29/', NULL, NULL,
        '4da3eab7c6fe776ecc3b5fb6295614755a54cc55', 'public', 1, NULL, '2022-12-29 17:33:09', '2022-12-29 17:33:09'),
       (82, '03ace5293bfc7b807336786f571db4fb5004713e', 'blob', 'image/png', 'png', 67213, 0, '2022/12/29/', NULL, NULL,
        'a6a2703c6810b3058330aa990fd31f3c1a1ffc09', 'public', 1, NULL, '2022-12-29 17:35:01', '2022-12-29 17:35:01'),
       (83, '520d839e288db0a8bfbd0178559ce5065001fe59', 'blob', 'image/png', 'png', 9464, 0, '2022/12/29/', NULL, NULL,
        '646f6e869280d95a1ad26ee2cb156f8b8ae446aa', 'public', 1, NULL, '2022-12-29 17:35:44', '2022-12-29 17:35:44'),
       (84, 'cdd06a410e638db3daf0e7eecdce91120ca6e7de', 'blob', 'image/png', 'png', 223506, 0, '2022/12/29/', NULL,
        NULL, '10da774d2f28f95a2e49cfa8c497e856dbb7f787', 'public', 1, NULL, '2022-12-29 17:36:22',
        '2022-12-29 17:36:22'),
       (85, '29b9742191a489996003b991758a661fe7acbdb1', 'blob', 'image/png', 'png', 4418, 0, '2022/12/29/', NULL, NULL,
        'bb83b19b2f6e12158f7271f5fb415622f6c5447d', 'public', 1, NULL, '2022-12-29 17:37:33', '2022-12-29 17:37:33'),
       (86, '352e603c3866cecb26fa3adab2cf36008ae2fe1b', 'blob', 'image/png', 'png', 63381, 0, '2022/12/29/', NULL, NULL,
        '8c936656a0a73856fe9f320b31100fbcbac96e63', 'public', 1, NULL, '2022-12-29 17:38:18', '2022-12-29 17:38:18'),
       (87, '3eee66b479836bc0fad4f3725875e38d66c7a7e1', 'blob', 'image/png', 'png', 63759, 0, '2022/12/29/', NULL, NULL,
        '99cb957ab1323d8cb8587dd48064e4e236140668', 'public', 1, NULL, '2022-12-29 17:38:56', '2022-12-29 17:38:56'),
       (88, 'cf3c65a10592c2d4bf72876d4b17ab61ba665052', 'blob', 'image/png', 'png', 13565, 0, '2022/12/29/', NULL, NULL,
        'f886dc4ea418418be96cc4e211dc7f10c85293b2', 'public', 1, NULL, '2022-12-29 17:39:41', '2022-12-29 17:39:41'),
       (89, 'ab373170decdb525aedc0f00200944fc15a38688', 'blob', 'image/png', 'png', 25673, 0, '2022/12/02/', NULL, NULL,
        'cb75796da71b09d4704bc12a1aa7b5335edc3715', 'public', 1, NULL, '2022-12-29 17:40:07', '2022-12-29 17:40:07'),
       (90, 'ab373170decdb525aedc0f00200944fc15a38688', 'blob', 'image/png', 'png', 25673, 0, '2022/12/02/', NULL, NULL,
        'cb75796da71b09d4704bc12a1aa7b5335edc3715', 'public', 1, NULL, '2022-12-29 17:40:13', '2022-12-29 17:40:13'),
       (92, '90da62992efdb2f71f373bd3b832a8f9fb3cbd86', 'blob', 'image/png', 'png', 26044, 0, '2022/12/29/', NULL, NULL,
        'e5aa429bf005f838190e9a06cbb87a8754e6f870', 'public', 1, NULL, '2022-12-29 17:40:38', '2022-12-29 17:40:38'),
       (93, 'f920e3f6750cd201bae83e6d84f38717c059aa27', 'blob', 'image/png', 'png', 26919, 0, '2022/12/29/', NULL, NULL,
        '2a3d5a04fa6f4abc412dbbb42b60c7fedfc3e1f9', 'public', 1, NULL, '2022-12-29 17:41:09', '2022-12-29 17:41:09'),
       (94, '20b26c50c6e730aca4574032af045e797aca436d', 'blob', 'image/png', 'png', 17540, 0, '2022/12/29/', NULL, NULL,
        '6aad8d4c263187f6070c9ad95dd044d2b45e0b79', 'public', 1, NULL, '2022-12-29 17:42:14', '2022-12-29 17:42:14'),
       (96, 'a84b32c525f7172aceb92c2703009a083aed5def', 'blob', 'image/png', 'png', 41051, 0, '2022/12/29/', NULL, NULL,
        '72d0cfb76b5cc858e4ed853db9368670033325a8', 'public', 1, NULL, '2022-12-29 17:43:18', '2022-12-29 17:43:18'),
       (97, 'c4a7fe60898179458635b4a1b46f66bfea0867fe', 'blob', 'image/png', 'png', 121906, 0, '2022/12/29/', NULL,
        NULL, '89f63d2f89398ccf1e6dd94779e5d0b812e9a67f', 'public', 1, NULL, '2022-12-29 17:43:58',
        '2022-12-29 17:43:58'),
       (98, '450566792c8277852a69246c402283ee534d777c', 'blob', 'image/png', 'png', 40330, 0, '2022/12/29/', NULL, NULL,
        '0433b76aeaf6fef2b2f1cb120771b3665c59a9aa', 'public', 1, NULL, '2022-12-29 17:44:40', '2022-12-29 17:44:40'),
       (99, 'b6e9652f62641c47c08b07282f48a5fa0d22c7ff', 'blob', 'image/png', 'png', 26592, 0, '2022/12/29/', NULL, NULL,
        '1f2e366ac7bae1d0135406b2667e87d2c4fdcfce', 'public', 1, NULL, '2022-12-29 17:45:19', '2022-12-29 17:45:19'),
       (100, 'fdfd9deb304a042b34c5f5f4d374fdd43787b9a3', 'blob', 'image/png', 'png', 28652, 0, '2022/12/29/', NULL,
        NULL, 'f03840fc9c343c2225c9fc0336b6e935f4cc1c50', 'public', 1, NULL, '2022-12-29 17:45:57',
        '2022-12-29 17:45:57'),
       (101, 'ae8280737ed88578c526c65956ae2951ca33f4cf', 'blob', 'image/png', 'png', 30568, 0, '2022/12/29/', NULL,
        NULL, 'a9a6d24a0c880bafde58232c8f91b665ca47ad90', 'public', 1, NULL, '2022-12-29 17:46:32',
        '2022-12-29 17:46:32'),
       (102, '8717dd6854e01185bdf7dc74268adb5cc00f3601', 'blob', 'image/png', 'png', 8659, 0, '2022/12/29/', NULL, NULL,
        'd5c6f336402efeff0ae2e6da45d32b4eb826780c', 'public', 1, NULL, '2022-12-29 17:49:26', '2022-12-29 17:49:26'),
       (103, '82269c67144c1364e1cc9334859c7f11e881943c', 'blob', 'image/png', 'png', 27386, 0, '2022/12/29/', NULL,
        NULL, '31832d73c0f76be720559664721c21a2b77b9fba', 'public', 1, NULL, '2022-12-29 17:50:12',
        '2022-12-29 17:50:12'),
       (104, '90b031af76d70790ea6eb16c3d4fadae9e6b6abb', 'blob', 'image/png', 'png', 636665, 0, '2023/01/04/', NULL,
        NULL, 'c5afea50479bcdfb95aed716e6e8941d12b84acb', 'public', 3, NULL, '2023-01-04 17:35:06',
        '2023-01-04 17:35:06'),
       (105, 'bbf363c21ff861875b3e350021be539660e1731a', 'blob', 'image/png', 'png', 544172, 0, '2023/01/04/', NULL,
        NULL, 'baeee659613a5e46beb2b5eda48e44c841f90746', 'public', 3, NULL, '2023-01-04 17:38:14',
        '2023-01-04 17:38:14'),
       (106, '4551ffd10c3510c9f9a72d984aa831d39cc2186e', 'blob', 'image/png', 'png', 583490, 0, '2023/01/04/', NULL,
        NULL, 'a195e19c6ab36ac82036d14bbdf463c9183d95fb', 'public', 3, NULL, '2023-01-04 17:44:58',
        '2023-01-04 17:44:58'),
       (107, '523b096ee7755c1042ac4979ceb6bdd1d77c3b4c', 'blob', 'image/png', 'png', 676129, 0, '2023/01/04/', NULL,
        NULL, '370ced95765743783b3d3a2ae8caa852a102f891', 'public', 3, NULL, '2023-01-04 17:46:32',
        '2023-01-04 17:46:32'),
       (108, 'ccec801717a905c9650c212e766c2917c7b3b832', 'blob', 'image/png', 'png', 608866, 0, '2023/01/04/', NULL,
        NULL, '16eea35f37a091f52660f292f2145b925663c376', 'public', 3, NULL, '2023-01-04 17:48:04',
        '2023-01-04 17:48:04'),
       (109, '4b08d4112401c5f597e1de3fe20117e66d712da3', 'blob', 'image/png', 'png', 605785, 0, '2023/01/04/', NULL,
        NULL, 'd00865786ae96fb849d177f4ba13c5824516b141', 'public', 3, NULL, '2023-01-04 17:49:31',
        '2023-01-04 17:49:31'),
       (110, '89a8a071629a06563acab81a6fdb78ee1eb777ba', 'blob', 'image/png', 'png', 673477, 0, '2023/01/04/', NULL,
        NULL, 'acc690acb8cc130b81a080a8d85293ec4b0eb47d', 'public', 3, NULL, '2023-01-04 17:51:44',
        '2023-01-04 17:51:44'),
       (111, '36c80daf7fd4ec15586179081b3b320018b3d43a', 'blob', 'image/png', 'png', 623683, 0, '2023/01/04/', NULL,
        NULL, '094f80df76ae277389386a9ad248b63f5ace2ab9', 'public', 3, NULL, '2023-01-04 17:53:34',
        '2023-01-04 17:53:34'),
       (112, '93b1b7db85fbe99ca4dc825b26eb14b4660f45e8', 'blob', 'image/png', 'png', 560206, 0, '2023/01/04/', NULL,
        NULL, '55ca577b37584235b63f4a779bf1ada602852415', 'public', 3, NULL, '2023-01-04 17:55:22',
        '2023-01-04 17:55:22'),
       (113, '0fd355dd21c3b53d45aa72c1f9efa8f6ef28b1a6', 'blob', 'image/png', 'png', 526991, 0, '2023/01/04/', NULL,
        NULL, '8b06cf81988c0efe676644a8f08f0f41394bdbfe', 'public', 3, NULL, '2023-01-04 17:58:06',
        '2023-01-04 17:58:06'),
       (114, 'e0f26fa3e4e953895446823374f55aa0404d1211', 'blob', 'image/png', 'png', 574163, 0, '2023/01/04/', NULL,
        NULL, '91a5033754844c0ae3f302f9f5b08d1a64c918f2', 'public', 3, NULL, '2023-01-04 18:04:32',
        '2023-01-04 18:04:32'),
       (115, 'a7e4b909f520f837095bf653055198cfd2443fdf', 'blob', 'image/png', 'png', 727176, 0, '2023/01/04/', NULL,
        NULL, '0ade9e0f5c9a40a63bca673ae125aded08f0eef8', 'public', 3, NULL, '2023-01-04 18:06:53',
        '2023-01-04 18:06:53'),
       (116, '779b66f5342f9036ff9dbe8ecb32ab5c814cb88c', 'blob', 'image/png', 'png', 645472, 0, '2023/01/04/', NULL,
        NULL, '4fdfd66d7322be232279688bf768d1907e29e854', 'public', 3, NULL, '2023-01-04 18:08:15',
        '2023-01-04 18:08:15'),
       (117, '9c7aefca724670fd92ebec42251e8910fe96daa2', 'blob', 'image/png', 'png', 459151, 0, '2023/01/04/', NULL,
        NULL, '948b2048924749574255aa446203597f90232ab1', 'public', 3, NULL, '2023-01-04 18:11:31',
        '2023-01-04 18:11:31'),
       (118, 'ab373170decdb525aedc0f00200944fc15a38688', 'blob', 'image/png', 'png', 25673, 0, '2022/12/02/', NULL,
        NULL, 'cb75796da71b09d4704bc12a1aa7b5335edc3715', 'public', 3, NULL, '2023-01-21 21:04:57',
        '2023-01-21 21:04:57'),
       (119, 'ab373170decdb525aedc0f00200944fc15a38688', 'blob', 'image/png', 'png', 25673, 0, '2022/12/02/', NULL,
        NULL, 'cb75796da71b09d4704bc12a1aa7b5335edc3715', 'public', 3, NULL, '2023-01-21 21:05:11',
        '2023-01-21 21:05:11'),
       (120, 'ab373170decdb525aedc0f00200944fc15a38688', 'blob', 'image/png', 'png', 25673, 0, '2022/12/02/', NULL,
        NULL, 'cb75796da71b09d4704bc12a1aa7b5335edc3715', 'public', 3, NULL, '2023-01-21 21:06:27',
        '2023-01-21 21:06:27'),
       (121, 'd2da80ff960810c7bdcdca61177d0aa6489b0164', 'logo_osnovnoy_angliyskiy_chernyy.png', 'image/png', 'png',
        18493, 0, '2023/01/21/', NULL, NULL, '778a4ca0b72e7d42201f0632597f07bcd044cb53', 'public', 1, NULL,
        '2023-01-21 21:50:39', '2023-01-21 21:50:39'),
       (122, 'eadce88e2aa99b4d98121bed96e3742b7be7e0b6', 'mobile-разработчик.png', 'image/png', 'png', 107551, 0,
        '2023/03/23/', NULL, NULL, '875ec93fb2977f87314b8ef027737ea8d29e3827', 'public', 3, NULL, '2023-03-23 20:47:50',
        '2023-03-23 20:47:50'),
       (123, '8aafb9707f17216af765e9a5744ca286f4f0a0ef', 'fullstack.jpg', 'image/jpeg', 'jpg', 1492400, 0,
        '2023/03/23/', NULL, NULL, '32a29f9befd5371a423642808a7df72ac361f3f6', 'public', 3, NULL, '2023-03-23 20:48:35',
        '2023-03-23 20:48:35'),
       (124, '81932408044094552c51d35d257ca67b84285307', 'Продуктовый дизайнер.jpg', 'image/jpeg', 'jpg', 1166387, 0,
        '2023/03/23/', NULL, NULL, 'a664e38ade2607d521060103ba5a55b52cf9bafe', 'public', 3, NULL, '2023-03-23 20:48:53',
        '2023-03-23 20:48:53'),
       (125, '11359e6e9ad4589cccc8c8031a157e8cf02e73ee', 'Разработчик windows приложений.jpg', 'image/jpeg', 'jpg',
        1120432, 0, '2023/03/23/', NULL, NULL, 'cf46b4709058bb077e0b7affb4972adc06ed76a3', 'public', 3, NULL,
        '2023-03-23 20:53:12', '2023-03-23 20:53:12'),
       (126, 'ffa6912364fb59b61c51523c289bf5612e556866', 'Тестировщик.jpg', 'image/jpeg', 'jpg', 764628, 0,
        '2023/03/23/', NULL, NULL, '49a5abd30abeff024d5b3a3fc09d1df371a805d4', 'public', 3, NULL, '2023-03-23 20:53:51',
        '2023-03-23 20:53:51'),
       (127, 'e1af8115009c692ba076cb7cc57cf9bb7665d1c2', 'DevOps инженер.jpg', 'image/jpeg', 'jpg', 900737, 0,
        '2023/03/23/', NULL, NULL, 'ceeb99fb8cd6a4b1a0c24077e2885b63a127f297', 'public', 3, NULL, '2023-03-23 20:54:24',
        '2023-03-23 20:54:24'),
       (128, '95d300db9f6a2037250969ba696b2fe3534b9294', 'Бизнес аналитик.jpg', 'image/jpeg', 'jpg', 1175332, 0,
        '2023/03/23/', NULL, NULL, 'd0e8ee3722dbbebae48da995f9ce72dd4c673ed3', 'public', 3, NULL, '2023-03-23 20:54:45',
        '2023-03-23 20:54:45'),
       (129, 'abd81c351f01ef014787ddc872c1919f6f16d517', 'Разработчик игр.jpg', 'image/jpeg', 'jpg', 675036, 0,
        '2023/03/23/', NULL, NULL, '5a8d7d6ebdf8974afea6520a1349221d705a3a9f', 'public', 3, NULL, '2023-03-23 20:56:38',
        '2023-03-23 20:56:38'),
       (130, '69ddf817ba5a0693e295cad61cbd2d4bcae82edb', 'Администратор баз данных.jpg', 'image/jpeg', 'jpg', 1721241,
        0, '2023/03/23/', NULL, NULL, '20e1276aad325b19ec7097f4189aac9d2b5be961', 'public', 3, NULL,
        '2023-03-23 21:00:24', '2023-03-23 21:00:24'),
       (131, '468ba31722f255b56fa24b8cc7f5adac859f6e24', 'Аналитик данных.jpg', 'image/jpeg', 'jpg', 1627864, 0,
        '2023/03/23/', NULL, NULL, 'aa1e72dee52fbfa15b73334acedf50ed8f0b094b', 'public', 3, NULL, '2023-03-23 21:00:56',
        '2023-03-23 21:00:56'),
       (132, 'f67d6d3acf97c257070b6af00ee757def6f782fc', 'Архитектор баз данных.jpg', 'image/jpeg', 'jpg', 1431567, 0,
        '2023/03/23/', NULL, NULL, 'a45e218f2f237a8452722574383807168a886f06', 'public', 3, NULL, '2023-03-23 21:01:20',
        '2023-03-23 21:01:20'),
       (133, '11549ed6d24071cda4776544d138a18ebd8baa9a', 'Инженер данных.jpg', 'image/jpeg', 'jpg', 828081, 0,
        '2023/03/23/', NULL, NULL, '56f6fccde607b36d61b970611008f2fe9e0669a0', 'public', 3, NULL, '2023-03-23 21:04:09',
        '2023-03-23 21:04:09'),
       (134, 'd921a523c1d245d5b1475c9589f99c8659fe5509', 'Менеджер проектов.jpg', 'image/jpeg', 'jpg', 1291013, 0,
        '2023/03/23/', NULL, NULL, '4e010555b7b4e72bdb6312bbfe5c4275e3e12249', 'public', 3, NULL, '2023-03-23 21:05:52',
        '2023-03-23 21:05:52'),
       (135, '9743152b303c5c2d6bf8a3f4b0c1ba13e6039d78', '2023-03-02 23.34.14.jpg', 'image/jpeg', 'jpg', 149523, 0,
        '2023/03/24/', NULL, NULL, '8088fd231717c257e29dbaf5c768ea4de693de45', 'public', 1, NULL, '2023-03-24 18:37:58',
        '2023-03-24 18:37:58'),
       (136, '7ed885948579aaa04639a7d72436fe712f89fa51', 'Маркетолог (1).jpeg', 'image/jpeg', 'jpeg', 1200949, 0,
        '2023/03/25/', NULL, NULL, '22d35b74ed8712d2f731a36801b3a5a301674652', 'public', 1, NULL, '2023-03-25 20:18:16',
        '2023-03-25 20:18:16'),
       (137, '562d4dc9046b0ab613f68f112c87cec06cb2d1f5', 'Маркетолог.jpeg', 'image/jpeg', 'jpeg', 5257303, 0,
        '2023/03/25/', NULL, NULL, 'de2232586c01ca3b20e705e2bc728b95fe3fe2c1', 'public', 3, NULL, '2023-03-25 21:58:37',
        '2023-03-25 21:58:37'),
       (138, 'b6729a69c80ea0a68a6ba48dcf2def6c57309f16', 'IoT-разработчик.jpeg', 'image/jpeg', 'jpeg', 3661421, 0,
        '2023/03/25/', NULL, NULL, '7c11bb5edb4d9413fc6aa034c8da9ef85e7083f3', 'public', 3, NULL, '2023-03-25 21:58:53',
        '2023-03-25 21:58:53'),
       (139, 'a9cb42b0716c16d9812a601af13695863c868650', 'frontend.jpeg', 'image/jpeg', 'jpeg', 5321076, 0,
        '2023/03/25/', NULL, NULL, 'd8cabf5288bf36249f6b5969bc503dfd31804029', 'public', 3, NULL, '2023-03-25 21:59:16',
        '2023-03-25 21:59:16'),
       (140, '61fc741b86f977ce06222930e5fad2cc47b68524', '1c.jpeg', 'image/jpeg', 'jpeg', 4450437, 0, '2023/03/25/',
        NULL, NULL, '7a75f6c309b7fd091fb5785d0083bde4b62c7b29', 'public', 3, NULL, '2023-03-25 21:59:36',
        '2023-03-25 21:59:36'),
       (145, 'e31f6ff12a3ab12a9b8b857c0c5dbf7142498762', '1c.jpg', 'image/jpeg', 'jpg', 229512, 0, '2023/04/01/', NULL,
        NULL, 'dd78816644125769c5e4735f3ac184f808867561', 'public', 3, NULL, '2023-04-01 23:03:05',
        '2023-04-01 23:03:05'),
       (146, 'e1024c5a7192c1c99b8fb35c5f2c7179c4072189', 'iot.jpg', 'image/jpeg', 'jpg', 117949, 0, '2023/04/01/', NULL,
        NULL, '0f7657ca0b00c3bbad02b516c7a137ead64ee4ad', 'public', 3, NULL, '2023-04-01 23:03:33',
        '2023-04-01 23:03:33'),
       (147, '777a82e183d3c43897926183384f6c07c3c6fcc6', 'frontend.jpg', 'image/jpeg', 'jpg', 167854, 0, '2023/04/01/',
        NULL, NULL, '4a70ec829f27c2a6486342dd1b3cb63125010404', 'public', 3, NULL, '2023-04-01 23:04:07',
        '2023-04-01 23:04:07'),
       (148, '614f86e066213ed4290e439c2aed58d4d007e96d', 'маркетолог.jpg', 'image/jpeg', 'jpg', 167210, 0,
        '2023/04/01/', NULL, NULL, '0bae62d1f366bc0b141feb703510ffc39e937f4d', 'public', 3, NULL, '2023-04-01 23:04:30',
        '2023-04-01 23:04:30'),
       (149, '76befb18fb067f461f3322fc5d31ff1526c69289', 'photo_2023-04-01_22-57-17.jpg', 'image/jpeg', 'jpg', 206569,
        0, '2023/04/01/', NULL, NULL, 'a1140ae2eb7c0452a656ede39a206d3f7d6d07d9', 'public', 3, NULL,
        '2023-04-01 23:05:27', '2023-04-01 23:05:27'),
       (150, 'c484b3874d2ad69a694607f5ac344f11028fb575', 'photo_2023-04-01_22-57-13.jpg', 'image/jpeg', 'jpg', 140715,
        0, '2023/04/01/', NULL, NULL, '03f5b7a489238697b9dbf3d7316fc5b20914e752', 'public', 3, NULL,
        '2023-04-01 23:06:53', '2023-04-01 23:06:53'),
       (151, 'a18554d274c426019d8e0c79df4b121a076fef12', 'photo_2023-04-01_22-57-10.jpg', 'image/jpeg', 'jpg', 103755,
        0, '2023/04/01/', NULL, NULL, 'cff438358ff02086e270fb510dda903f408b4cad', 'public', 3, NULL,
        '2023-04-01 23:07:22', '2023-04-01 23:07:22'),
       (152, '425df736a1f6c7fc20191a41247e67319f41ac13', 'photo_2023-04-01_22-57-09.jpg', 'image/jpeg', 'jpg', 168464,
        0, '2023/04/01/', NULL, NULL, '85a85d1f147b84c9abd54eef686fdd3dd3c977df', 'public', 3, NULL,
        '2023-04-01 23:08:14', '2023-04-01 23:08:14'),
       (153, 'f051b36b91bee8df9304873704753456c71d9c35', 'photo_2023-04-01_22-57-24.jpg', 'image/jpeg', 'jpg', 127402,
        0, '2023/04/01/', NULL, NULL, 'e8f37abe2596a35eb49f897961a23fa82984118a', 'public', 3, NULL,
        '2023-04-01 23:08:44', '2023-04-01 23:08:44'),
       (154, 'dd27079a1add9e7c137fdff6301043b895c65f9c', 'photo_2023-04-01_22-57-07.jpg', 'image/jpeg', 'jpg', 118800,
        0, '2023/04/01/', NULL, NULL, 'd6e075a104ecf21731fc4d906a213ccc92382508', 'public', 3, NULL,
        '2023-04-01 23:09:23', '2023-04-01 23:09:23'),
       (155, '4a79e88cb3914747b7be3947bb27aedae1b283f7', 'photo_2023-04-01_22-57-12.jpg', 'image/jpeg', 'jpg', 176041,
        0, '2023/04/01/', NULL, NULL, '53ec23aa14dd3db8526f24dd8602ffa2138bd202', 'public', 3, NULL,
        '2023-04-01 23:09:52', '2023-04-01 23:09:52'),
       (156, 'e761f544145fcb290200ff7154f736ac2a9b330b', 'DevOps инженер.jpg', 'image/jpeg', 'jpg', 136862, 0,
        '2023/04/01/', NULL, NULL, '441fe7b092649f64a4be9ef4582e9179f17f6106', 'public', 3, NULL, '2023-04-01 23:10:18',
        '2023-04-01 23:10:18'),
       (157, 'ff4c8742b4e17a586c5edc1862de4a60b883a906', 'photo_2023-04-01_22-57-04.jpg', 'image/jpeg', 'jpg', 92897, 0,
        '2023/04/01/', NULL, NULL, '6932bfedbebaf7927cc772d17fdda8657ee07827', 'public', 3, NULL, '2023-04-01 23:10:40',
        '2023-04-01 23:10:40'),
       (158, 'b770e51204705702b246ca59a7eb6919cba84f55', 'тест.jpg', 'image/jpeg', 'jpg', 100322, 0, '2023/04/01/',
        NULL, NULL, '69995b2e8f4e991ebc0a3fb30cdca94614d7c159', 'public', 3, NULL, '2023-04-01 23:11:23',
        '2023-04-01 23:11:23'),
       (159, '6aecda8cd68ae5db8e138aa4095abd5aa95e7d1b', 'ml.jpg', 'image/jpeg', 'jpg', 232898, 0, '2023/04/01/', NULL,
        NULL, '58b9febb0fa5e12631f2129b2dfa582f87fdfb5a', 'public', 3, NULL, '2023-04-01 23:11:52',
        '2023-04-01 23:11:52'),
       (160, 'd9ff1c85715aa70a51496bdc0beb86bc78f3190b', 'fullstack (2).jpg', 'image/jpeg', 'jpg', 182028, 0,
        '2023/04/01/', NULL, NULL, 'fbd31f15ca28e3cb61cd3fa339f77aeb0bfcbb93', 'public', 3, NULL, '2023-04-01 23:12:20',
        '2023-04-01 23:12:20'),
       (161, '9c8cd48a401e384caba1e5f2f029eacf61f8538b', 'backend.jpg', 'image/jpeg', 'jpg', 202780, 0, '2023/04/01/',
        NULL, NULL, '5e545ee8e66614c16f9f33ae1bf4304dff6abb7f', 'public', 3, NULL, '2023-04-01 23:12:41',
        '2023-04-01 23:12:41'),
       (162, 'b149186b1f601aaaa115cf0307c4304130937217', 'тех пис.jpg', 'image/jpeg', 'jpg', 175314, 0, '2023/04/01/',
        NULL, NULL, '8808f11e1fc3eca3a681162c103d8b10270b5040', 'public', 3, NULL, '2023-04-01 23:13:02',
        '2023-04-01 23:13:02'),
       (163, '96465f942f0b5922feccd53a9e5bd0a9b701aea3', 'photo_2023-04-01_22-57-27.jpg', 'image/jpeg', 'jpg', 185198,
        0, '2023/04/01/', NULL, NULL, '0ecc1a181dc4e2859fce6ddbc23c17ae650725c2', 'public', 3, NULL,
        '2023-04-01 23:14:01', '2023-04-01 23:14:01'),
       (164, '46bf533811834bfba5e173da2426871763856d15', 'photo_2023-04-01_22-57-19.jpg', 'image/jpeg', 'jpg', 103279,
        0, '2023/04/01/', NULL, NULL, '20e7a2ea40a64255078c1fa095351ac9aedf0af0', 'public', 3, NULL,
        '2023-04-01 23:14:26', '2023-04-01 23:14:26'),
       (165, '82275e48868301e02af9bcf1e7bb0d362e88fa8e', 'photo_2023-04-01_22-57-26.jpg', 'image/jpeg', 'jpg', 117435,
        0, '2023/04/01/', NULL, NULL, 'cf9393fc710116c4089404047dcc667d4ab786d8', 'public', 3, NULL,
        '2023-04-01 23:14:59', '2023-04-01 23:14:59'),
       (166, '379f0e37677bde31c5a16a3687940252123337ac', 'photo_2023-04-01_22-57-23.jpg', 'image/jpeg', 'jpg', 117742,
        0, '2023/04/01/', NULL, NULL, '172d1ea2678eebe45be8ff46a14419b148014fdd', 'public', 3, NULL,
        '2023-04-01 23:15:22', '2023-04-01 23:15:22'),
       (167, '2150bbbad40207d2cd42646910b725f77c18c291', 'photo_2023-04-01_22-57-14.jpg', 'image/jpeg', 'jpg', 226339,
        0, '2023/04/01/', NULL, NULL, 'a7dd22eefd397611a85b65c540c87f3b39009bbe', 'public', 3, NULL,
        '2023-04-01 23:16:11', '2023-04-01 23:16:11'),
       (168, 'd7175232248f334b0a2ae664f859afc97cb09d3b', 'photo_2023-04-01_22-57-06.jpg', 'image/jpeg', 'jpg', 235077,
        0, '2023/04/01/', NULL, NULL, '1bf3b9af91f91f91fb6d4cb5f01b8f77160c14f4', 'public', 3, NULL,
        '2023-04-01 23:16:34', '2023-04-01 23:16:34'),
       (169, '2a9d511970718ed4576508a38d792e91375c1566', 'photo_2023-04-01_22-57-20.jpg', 'image/jpeg', 'jpg', 173757,
        0, '2023/04/01/', NULL, NULL, 'caab28fd25f58c0fe90c1b37c95940073fe96ca3', 'public', 3, NULL,
        '2023-04-01 23:16:54', '2023-04-01 23:16:54'),
       (170, '5a8a1bea4a87fb4af5037b62802f5e0372af1082', 'photo_2023-04-01_22-57-21.jpg', 'image/jpeg', 'jpg', 176459,
        0, '2023/04/01/', NULL, NULL, '653a50da089af74b214e83e7adced336b4c5394f', 'public', 3, NULL,
        '2023-04-01 23:17:14', '2023-04-01 23:17:14'),
       (171, '5097eb0e009c6f42ee77a14cd8163c973690bf34', 'skillbox.svg', 'image/svg+xml', 'svg', 2440, 0, '2023/04/06/',
        NULL, NULL, 'a6aa580a61aba53d47e918b31a12b3c0a565aea0', 'public', 2, NULL, '2023-04-06 17:58:56',
        '2023-04-06 17:58:56'),
       (172, 'd4ffffde49cc8118bfcc346eea5536d60edf6015', 'Продуктовый аналитик.jpeg', 'image/jpeg', 'jpeg', 429992, 0,
        '2023/04/08/', NULL, NULL, '345647ad1c80af62177718380759d514c039159e', 'public', 1, NULL, '2023-04-08 22:48:36',
        '2023-04-08 22:48:36'),
       (173, '0526d2d353eeaa89bb75e4f08485e91deb6fcdcc', 'Разработчик windows приложений.jpg', 'image/jpeg', 'jpg',
        189117, 0, '2023/04/08/', NULL, NULL, 'b3cb6da090f110e4a11317d0132fcb3834c2bd38', 'public', 1, NULL,
        '2023-04-08 22:49:31', '2023-04-08 22:49:31'),
       (174, 'c7c1f2092603b4335c7f15ff6c1195ab29a3b470', 'backend.jpeg', 'image/jpeg', 'jpeg', 1361757, 0,
        '2023/04/08/', NULL, NULL, '85c63ff512b2721ccd59749bc81c50411ead42c7', 'public', 1, NULL, '2023-04-08 22:50:01',
        '2023-04-08 22:50:01'),
       (175, '9a40a779e1474417ee508941adf02f1fae2beb3e', 'mobile-разработчик (1).png', 'image/png', 'png', 38339, 0,
        '2023/04/08/', NULL, NULL, '4600a21e3919dde7f6f0bcbb049718478c2d7ab2', 'public', 1, NULL, '2023-04-08 22:51:03',
        '2023-04-08 22:51:03'),
       (176, '6e913dd7cf10c34bd618c12ada09050a017cfe4a', 'Технический писатель.jpeg', 'image/jpeg', 'jpeg', 2210918, 0,
        '2023/04/08/', NULL, NULL, '00207e942134f307f309171f0907ddcac6e33d56', 'public', 1, NULL, '2023-04-08 22:51:19',
        '2023-04-08 22:51:19'),
       (177, '1273fceb99de74d258e25dce806c462e3a1a970d', 'Системный аналитик.jpeg', 'image/jpeg', 'jpeg', 575585, 0,
        '2023/04/08/', NULL, NULL, '9291143ed429d842234c22905a29986b8527bb6e', 'public', 1, NULL, '2023-04-08 22:51:36',
        '2023-04-08 22:51:36'),
       (178, '0f4734b9e04e94730f52d739d78df853f644f5c5', 'fullstack.jpg', 'image/jpeg', 'jpg', 179635, 0, '2023/04/08/',
        NULL, NULL, '343145310ef81a44097a2722c06eedbfb46e12c6', 'public', 1, NULL, '2023-04-08 22:51:57',
        '2023-04-08 22:51:57'),
       (179, '4b894049c7c8d456ad83ead355c67f4d24ecb2f1', 'Продуктовый дизайнер.jpg', 'image/jpeg', 'jpg', 188294, 0,
        '2023/04/08/', NULL, NULL, 'f56b6ebfd34eb413a92f556a9d457195f9a73e73', 'public', 1, NULL, '2023-04-08 22:52:09',
        '2023-04-08 22:52:09'),
       (180, '0711bdfdb7ca7328b53d6218da96623937133dee', 'UXUI дизайнер.jpeg', 'image/jpeg', 'jpeg', 1152604, 0,
        '2023/04/08/', NULL, NULL, '25b9734ac1914e247e06a9f62b2eea73a902e737', 'public', 1, NULL, '2023-04-08 22:53:03',
        '2023-04-08 22:53:03'),
       (181, '9f4e4544e4707f0337d42d23399699a6afa7d891', 'Тестировщик.jpg', 'image/jpeg', 'jpg', 69797, 0,
        '2023/04/08/', NULL, NULL, 'dd5e9f7fa0e64ad65d9a021cb87947f2762c7752', 'public', 1, NULL, '2023-04-08 22:53:30',
        '2023-04-08 22:53:30'),
       (182, '2024e33ac4092312bb175ad3ae31c69cf94c3b0c', 'Архитектор баз данных.jpg', 'image/jpeg', 'jpg', 286540, 0,
        '2023/04/08/', NULL, NULL, 'b38928db3302a48ee6899683b61477a8027622e4', 'public', 1, NULL, '2023-04-08 22:53:41',
        '2023-04-08 22:53:41'),
       (183, '27da63e204025f7e8cbace592eb46e64880b5a06', 'DevOps инженер.jpg', 'image/jpeg', 'jpg', 84026, 0,
        '2023/04/08/', NULL, NULL, 'fec8eabb22d7c7706b3ed5066713c565178b14a5', 'public', 1, NULL, '2023-04-08 22:53:58',
        '2023-04-08 22:53:58'),
       (184, 'b01a36646e61f35be9c6a6c1f99d7525020e9bae', 'Machine Learning.jpeg', 'image/jpeg', 'jpeg', 1801707, 0,
        '2023/04/08/', NULL, NULL, '85e817ae82e682efdac688751d2ea3bddc0ad1ed', 'public', 1, NULL, '2023-04-08 22:54:15',
        '2023-04-08 22:54:15'),
       (185, 'cc1fd0f926308a866a9e2e47b180a6c1f3c6d0d2', 'Менеджер проектов.jpg', 'image/jpeg', 'jpg', 221655, 0,
        '2023/04/08/', NULL, NULL, 'eb0e2424d4a4c06eebb57706debdec5b936988c2', 'public', 1, NULL, '2023-04-08 22:54:28',
        '2023-04-08 22:54:28'),
       (186, '66d752b8f7dfd234c04c8b44e518a9b57b6eaec8', 'Администратор баз данных.jpg', 'image/jpeg', 'jpg', 343925, 0,
        '2023/04/08/', NULL, NULL, '44e78caf74c2b8f11c762384cf1f807e0aaff243', 'public', 1, NULL, '2023-04-08 22:54:45',
        '2023-04-08 22:54:45'),
       (187, 'ef3b9de954160f3179319738b8ae94bf67cd932e', 'Разработчик баз данных.jpg', 'image/jpeg', 'jpg', 319594, 0,
        '2023/04/08/', NULL, NULL, '19a618ed8a97c0ea92415c03e6799009b2069f97', 'public', 1, NULL, '2023-04-08 22:55:02',
        '2023-04-08 22:55:02'),
       (188, '572ff424ecd9e000f02e8689df6cf46639fe40fa', '1c.jpeg', 'image/jpeg', 'jpeg', 841383, 0, '2023/04/08/',
        NULL, NULL, '7947f084b28aeaaca0f7f808b6466360c3b1d04a', 'public', 1, NULL, '2023-04-08 22:55:21',
        '2023-04-08 22:55:21'),
       (189, 'a79d5ebde5d728af90bf7cd0dd26f6446a5f248f', 'Инженер данных.jpg', 'image/jpeg', 'jpg', 151215, 0,
        '2023/04/08/', NULL, NULL, '062b83fea765a7f9b29460867feb78883c43b8fa', 'public', 1, NULL, '2023-04-08 22:56:54',
        '2023-04-08 22:56:54');

INSERT INTO "attachmentable" ("id", "attachmentable_type", "attachmentable_id", "attachment_id")
VALUES (54, 'App\Models\ProfessionalTrajectory', 1, 58),
       (55, 'App\Models\ProfessionalTrajectory', 2, 59),
       (56, 'App\Models\ProfessionalTrajectory', 3, 60),
       (57, 'App\Models\ProfessionalTrajectory', 4, 61),
       (58, 'App\Models\ProfessionalTrajectory', 6, 62),
       (59, 'App\Models\ProfessionalTrajectory', 7, 63),
       (60, 'App\Models\ProfessionalTrajectory', 8, 64),
       (61, 'App\Models\ProfessionalTrajectory', 9, 65),
       (62, 'App\Models\ProfessionalTrajectory', 10, 66),
       (63, 'App\Models\ProfessionalTrajectory', 11, 67),
       (64, 'App\Models\ProfessionalTrajectory', 12, 68),
       (66, 'App\Models\ProfessionalTrajectory', 13, 70),
       (67, 'App\Models\ProfessionalTrajectory', 16, 71),
       (68, 'App\Models\ProfessionalTrajectory', 14, 72),
       (69, 'App\Models\ProfessionalTrajectory', 15, 73),
       (70, 'App\Models\ProfessionalTrajectory', 5, 74),
       (75, 'App\Models\Partner', 1, 79),
       (77, 'App\Models\Partner', 2, 81),
       (78, 'App\Models\Partner', 3, 82),
       (79, 'App\Models\Partner', 4, 83),
       (80, 'App\Models\Partner', 5, 84),
       (81, 'App\Models\Partner', 6, 85),
       (82, 'App\Models\Partner', 7, 87),
       (83, 'App\Models\Partner', 8, 88),
       (87, 'App\Models\Partner', 10, 94),
       (89, 'App\Models\Partner', 12, 96),
       (90, 'App\Models\Partner', 13, 97),
       (91, 'App\Models\Partner', 14, 98),
       (92, 'App\Models\Partner', 15, 99),
       (93, 'App\Models\Partner', 16, 100),
       (94, 'App\Models\Partner', 17, 101),
       (95, 'App\Models\Partner', 18, 102),
       (96, 'App\Models\Partner', 19, 103),
       (97, 'App\Models\Employee', 1, 104),
       (98, 'App\Models\Employee', 2, 105),
       (99, 'App\Models\Employee', 3, 106),
       (100, 'App\Models\Employee', 4, 107),
       (101, 'App\Models\Employee', 5, 108),
       (102, 'App\Models\Employee', 6, 109),
       (103, 'App\Models\Employee', 7, 110),
       (104, 'App\Models\Employee', 8, 111),
       (105, 'App\Models\Employee', 9, 112),
       (106, 'App\Models\Employee', 10, 113),
       (107, 'App\Models\Employee', 11, 114),
       (108, 'App\Models\Employee', 12, 115),
       (109, 'App\Models\Employee', 13, 116),
       (110, 'App\Models\Employee', 14, 117),
       (113, 'App\Models\Partner', 9, 121),
       (135, 'App\Models\Profession', 26, 146),
       (136, 'App\Models\Profession', 1, 147),
       (160, 'App\Models\Partner', 11, 171),
       (161, 'App\Models\Profession', 16, 172),
       (162, 'App\Models\Profession', 12, 173),
       (163, 'App\Models\Profession', 5, 174),
       (164, 'App\Models\Profession', 10, 175),
       (165, 'App\Models\Profession', 17, 176),
       (166, 'App\Models\Profession', 14, 177),
       (167, 'App\Models\Profession', 6, 178),
       (168, 'App\Models\Profession', 24, 179),
       (170, 'App\Models\Profession', 23, 180),
       (171, 'App\Models\Profession', 25, 181),
       (172, 'App\Models\Profession', 9, 182),
       (173, 'App\Models\Profession', 18, 183),
       (174, 'App\Models\Profession', 4, 184),
       (175, 'App\Models\Profession', 13, 185),
       (176, 'App\Models\Profession', 7, 186),
       (177, 'App\Models\Profession', 8, 187),
       (178, 'App\Models\Profession', 20, 188),
       (179, 'App\Models\Profession', 3, 189),
       (180, 'App\Models\Profession', 19, 136),
       (181, 'App\Models\Profession', 2, 131),
       (182, 'App\Models\Profession', 11, 129),
       (183, 'App\Models\Profession', 15, 128),
       (184, 'App\Models\Profession', 22, 184),
       (185, 'App\Models\Profession', 21, 163);



-- 2023-03-08 09:44:57.426493+00

-- Adminer 4.8.1 PostgreSQL 10.3 (Debian 10.3-1.pgdg90+1) dump

INSERT INTO "disciplines" ("id", "title", "choice_limit", "user_id", "created_at", "updated_at", "deleted_at",
                           "is_spec", "educational_program_id")
VALUES (1, 'Обязательные курсы ч.1', 0, 3, '2022-11-10 19:26:29', '2022-11-10 19:26:29', NULL, 'f', 1),
       (2, 'Обязательные курсы ч.2', 0, 3, '2022-11-10 19:40:40', '2022-11-10 19:41:37', NULL, 'f', 1),
       (3, 'Обязательные курсы ч.3', 0, 3, '2022-11-10 19:49:37', '2022-11-10 19:50:17', NULL, 'f', 1),
       (4, 'Эффективные коммуникации', 0, 3, '2022-11-10 19:58:02', '2022-11-10 19:58:02', NULL, 'f', 1),
       (5, 'Анализ данных и искусственный интеллект', 0, 3, '2022-11-10 19:59:03', '2022-11-10 19:59:03', NULL, 'f', 1),
       (6, 'Web-технологии', 0, 3, '2022-11-10 20:00:34', '2022-11-10 20:00:34', NULL, 'f', 1),
       (7, 'Базы данных', 0, 3, '2022-11-10 20:01:44', '2022-11-10 20:01:44', NULL, 'f', 1),
       (8, 'Технологии программирования', 0, 3, '2022-11-10 20:04:53', '2022-11-10 20:04:53', NULL, 'f', 1),
       (9, 'Современные языки программирования', 1, 3, '2022-11-10 20:06:45', '2022-11-10 20:06:45', NULL, 't', 1),
       (10, 'Виртуализация и облачные технологии', 0, 1, '2022-11-14 22:36:48', '2022-11-14 22:36:48', NULL, 'f', 1),
       (11, 'Моделирование сложных процессов и систем', 0, 1, '2022-11-14 22:37:03', '2022-11-14 22:37:03', NULL, 'f',
        1),
       (12, 'Обязательные курсы 6 ч.', 0, 1, '2022-11-14 22:37:34', '2022-11-14 22:37:34', NULL, 'f', 1),
       (13, 'Профессиональный курс. Спецкурс 3', 1, 1, '2022-11-14 22:39:57', '2022-11-14 22:39:57', NULL, 't', 1),
       (14, 'Профессиональный курс. Спецкурс 4', 1, 1, '2022-11-14 22:40:36', '2022-11-14 22:40:36', NULL, 't', 1),
       (15, 'Обязательные курсы 7 ч.', 0, 1, '2022-11-14 23:11:23', '2022-11-14 23:11:23', NULL, 'f', 1),
       (16, 'Проектирование информационных систем', 0, 1, '2022-11-14 23:12:02', '2022-11-14 23:12:02', NULL, 'f', 1),
       (17, 'Теория и практика программной инженерии', 0, 1, '2022-11-14 23:12:17', '2022-11-14 23:12:17', NULL, 'f',
        1),
       (18, 'Управление проектами', 0, 1, '2022-11-14 23:12:32', '2022-11-14 23:12:32', NULL, 'f', 1),
       (19, 'Профессиональный курс. Спецкурс 5', 1, 1, '2022-11-14 23:12:57', '2022-11-14 23:12:57', NULL, 't', 1),
       (21, 'Обязательные курсы ч.4', 0, 3, '2022-11-14 23:15:18', '2022-11-14 23:16:54', NULL, 'f', 1),
       (23, 'Архитектура ЭВМ', 0, 3, '2022-11-14 23:20:35', '2022-11-14 23:20:35', NULL, 'f', 1),
       (24, 'Алгоритмы и анализ сложности', 0, 3, '2022-11-14 23:21:32', '2022-11-14 23:21:32', NULL, 'f', 1),
       (25, 'Компьютерные сети', 0, 3, '2022-11-14 23:23:27', '2022-11-14 23:23:27', NULL, 'f', 1),
       (20, 'Профессиональный курс. Спецкурс 6', 1, 1, '2022-11-14 23:13:12', '2022-11-14 23:30:01', NULL, 't', 1),
       (28, 'Обязательные курсы ч.5', 0, 3, '2022-11-14 23:47:48', '2022-11-14 23:48:26', NULL, 'f', 1),
       (29, 'Правовые основы информационных технологий', 0, 3, '2022-11-14 23:50:10', '2022-11-14 23:50:10', NULL, 'f',
        1),
       (30, 'Операционные системы', 0, 3, '2022-11-14 23:51:19', '2022-11-14 23:51:19', NULL, 'f', 1),
       (31, 'Профессиональный курс. Спецкурс 1', 1, 3, '2022-11-14 23:56:12', '2022-11-14 23:56:12', NULL, 't', 1),
       (26, 'Прикладное программирование', 1, 3, '2022-11-14 23:30:04', '2022-11-14 23:56:49', NULL, 't', 1),
       (27, 'Экономические и гуманитарные аспекты информационных технологий', 1, 3, '2022-11-14 23:37:51',
        '2022-12-03 01:11:25', NULL, 't', 1),
       (32, 'Математические методы для разработчиков', 1, 1, '2022-12-02 22:51:09', '2022-12-03 17:01:46', NULL, 't',
        1),
       (33, 'Диплом', 0, 1, '2022-12-03 17:46:04', '2022-12-03 17:46:04', NULL, 'f', 1),
       (34, 'Профессиональный курс. Спецкурс 2', 1, 4, '2022-12-04 20:20:16', '2022-12-04 20:20:16', NULL, 't', 1);

-- -------------------------------------------------------------
-- TablePlus 4.8.8(450)
--
-- https://tableplus.com/
--
-- Database: constructor_iot_db
-- Generation Time: 2023-04-10 11:46:17.5970
-- -------------------------------------------------------------


INSERT INTO "public"."course_assemblies" ("id", "title", "description", "user_id", "discipline_id", "created_at",
                                          "updated_at", "deleted_at")
VALUES (1, 'Прикладная физическая культура',
        '<p><span style="color: rgb(33, 37, 41);">Прикладная физическая культура», является элективной дисциплиной, представляет собой практический курс, направленный на обеспечение профессионально-прикладной физической подготовленности обучающихся&nbsp;и уровня физической подготовленности для выполнения ими соответствующих нормативов. В процессе освоения дисциплины обучающиеся получают практические навыки проектирования личностно-ориентированной модели прикладной физической культуры, осваивают арсенал средств физического совершенствования и коррекции физического состояния организма.</span></p>',
        1, 1, '2022-11-10 19:27:57', '2022-12-02 18:18:14', NULL),
       (2, 'Иностранный язык',
        '<p>Иностранный язык входит в обязательную часть учебных планов всех направлений подготовки на уровне бакалавриата и специалитета.&nbsp;</p><p><br></p><p>Изучение дисциплины «Иностранный язык» направлено на поддержание и повышение исходного уровня развития иноязычной коммуникативной компетенции студентов для успешного решения задач социально-бытового, межличностного, межкультурного и академического общения, с учетом социальных, культурных и этнических различий.&nbsp;</p>',
        2, 2, '2022-11-10 19:32:39', '2022-12-02 19:10:51', NULL),
       (3, 'История',
        '<p>Курс «История» в краткой и доступной форме рассказывает о процессах и явлениях в истории России в контексте всеобщей истории. Целью курса является формирование у слушателей ясных представлений о месте и роли России во всемирно-историческом процессе, а также выработка понимания политических, экономических, социальных и культурных явлений прошлого.</p><p><br></p><p>Основное внимание в курсе уделяется глобальным явлениям и процессам. В связи с разделами курса разбираются исторические проблемы и мифы, популярные в современной публичной сфере и медиа. В лекциях курса обсуждаются реальные альтернативы развития исторического процесса в России, процесс принятия решений историческими деятелями и последствия выбора. В лекциях кратко рассматриваются источники исторической информации и методы работы с ними.</p><p><br></p><p><span style="color: rgb(33, 37, 41);">Курс способствует формированию универсальных (общекультурных) компетенций у студентов различных направлений подготовки, в том числе способностей к анализу больших объемов информации, критическому мышлению, синтезу, способностей воспринимать общество во всем его многообразии.</span></p>',
        2, 1, '2022-11-10 19:37:09', '2022-12-02 19:12:47', NULL),
       (4, 'Физика',
        '<p><span style="color: rgb(33, 37, 41);">Дисциплина «Физика» совместно с дисциплиной «математика», входящие в модуль Научно-фундаментальные основы профессиональной деятельности, составляет основу подготовки бакалавров и специалистов инженерно - технических направлений, являясь фундаментальной базой успешной деятельности, и формирует научное мировоззрение, владение физико-математическим аппаратом, навыки работы с приборами и измерений физических величин, умение применять физические законы к инженерным расчётам. Интегрирование знаний о природе материи и физических законов в смежные науки позволяет студенту рациональнее и эффективнее использовать полученные в ходе обучения компетенции для решения профессиональных задач.</span></p><p><br></p><p>В первой части дисциплины «физика» изучаются следующие основные темы:</p><ul><li>Кинематика и динамика материальной точки. Механическая работа и энергия.</li><li>Закон сохранения и превращения механической энергии. Закон сохранения импульса. Соударение тел.</li><li>Кинематика вращательного движения материальной точки и абсолютно твердого тела (АТТ). Основное уравнение динамики вращательного движения</li><li>Работа момента силы. Кинетическая энергия АТТ. Закон сохранения механической энергии при вращательном движении. Закон сохранения момента импульса.</li><li>Основные положения МКТ, распределение молекул по скоростям. Средняя кинетическая энергия хаотического движения. Абсолютная температура. Основное уравнение молекулярно-кинетической теории.</li><li>Внутренняя энергия и работа в термодинамике, теплоемкость и количество теплоты. Первое начало термодинамики.</li><li>Понятие о необратимых процессах. Тепловые двигатели. КПД теплового двигателя. Термодинамическая вероятность. Энтропия. Второе начало термодинамики.</li><li>Электростатическое поле: заряд, вектор напряженности, принцип суперпозиции, силовые линии эл.поля, диэлектрическая проницаемость вещества.</li><li>Поток напряженности электрического поля. Теорема Гаусса, расчет полей. Работа сил электрического поля. Потенциал. Циркуляция вектора напряженности эл.поля.</li><li>Связь напряженности и потенциала. Эквипотенциальные поверхности эл.поля. Поле заряженного проводника. Электроемкость уединенного проводника и конденсатора. Энергии электрического поля, плотность энергии.</li><li>Постоянный ток. Величина и плотность тока. ЭДС. Закон Ома для неоднородной цепи.&nbsp;</li><li>Магнитное взаимодействие движущихся зарядов. Понятие о магнитном поле, опыт Эрстеда. Вектор индукции магнитного поля: силовые линии, вихревой характер магнитного поля.&nbsp;&nbsp;</li><li>Принцип суперпозиции. Магнитная проницаемость вещества. Теорема Гаусса. Теорема о циркуляции вектора индукции магнитного поля. Расчет магнитных полей</li><li>Силы Ампера и Лоренца.</li><li>Контур с током в магнитном поле. Потенциальная энергия контура с током в магнитном поле. Явление электромагнитной индукции (ЭМИ). Опыты Фарадея. ЭДС индукции. Вихревое электрическое поле.</li><li>Самоиндукция. Индуктивность контура и соленоида. ЭДС самоиндукции. Закон изменения тока при замыкании и размыкании электрической цепи.</li><li>Энергия магнитного поля. Объемная плотность энергии магнитного поля.</li></ul>',
        1, 1, '2022-11-10 19:37:47', '2023-02-26 22:29:29', NULL),
       (5, 'Математика',
        '<p>Дисциплина «Математика» посвящена изучению основных понятий, конструкций и методов математического анализа, являющихся основой для построения и изучения моделей непрерывных процессов и описания геометрических соотношений реального мира. Целью изучения данного курса является формирование у обучающихся системы знаний основных математических методов лежащих в основе инженерных наук.&nbsp;</p><p><br></p><p><span style="color: rgb(33, 37, 41);">Курс включает в себя такие разделы как элементы линейной алгебры (матрицы и определители, алгебра векторов, основы линейных пространств и операторов, системы линейных уравнений) и аналитической геометрии (прямые и плоскости, кривые и поверхности второго порядка), комплексные числа, дифференциальное исчисление функций одной переменной (понятие функции, основные свойства функций, предел последовательности, предел функции, непрерывность функции, производная функции, правила дифференцирования, дифференциал функции, производные высших порядков, правило&nbsp;Лопиталя, экстремум функции, выпуклость, вогнутость, асимптоты, применение производной для исследования функций, формула Тейлора).</span></p>',
        2, 1, '2022-11-10 19:38:06', '2022-12-02 19:33:02', NULL),
       (6, 'Основы проектной деятельности',
        '<p><span style="color: rgb(33, 37, 41);">Онлайн-курс направлен на изучение методов, приемов и средств управления различными типами проектов. Курс поможет сформировать системное представление о методологии проектного управления, понять содержание основных процессов управления проектом от инициации до завершения, познакомиться с инструментами, методами управления проектами и опытом разработки проектных документов. Курс предоставит максимально широкий набор существующих в управлении проектами инструментов (как традиционных, так и гибких технологий) и поможет научиться ориентироваться в их многообразии. Имея системное представление и понимая, что выбор и применение конкретных инструментов и методов зависит от типа проекта и условий его выполнения, в дальнейшем Вы сможете принимать решения о наиболее удачном способе реализации именно Вашего проекта.</span></p>',
        2, 1, '2022-11-10 19:38:24', '2022-12-02 19:52:13', NULL),
       (8, 'Информационные технологии и сервисы',
        '<p>Онлайн курс "Информационные технологии и сервисы" знакомит слушателей с общими принципами организации информационных технологий и сервисов, возможностями современных компьютеров и информационных сетей. Основная цель курса состоит в том, чтобы слушатели приобрели базовые знания и практические навыки работы с информационными сервисами, необходимыми каждому современному человеку в эпоху интернет технологий, а также получили представление о существующих современных операционных системах, их преимуществах и недостатках, понимали принципы работы локальных и глобальных вычислительных сетей, научились выбирать комплектующие вычислительной системы под свои задачи.</p><p><br></p><p><span style="color: rgb(33, 37, 41);">В курсе рассматриваются фундаментальные вопросы об архитектуре компьютерных систем, цифровых данных, их хранению и обработке. Также слушатели получат базовые знания по самым актуальным вопросам использования информационных технологий, таких как искусственный интеллект и "умные вещи", что позволит использовать эти понятия в своей профессиональной деятельности.</span></p>',
        2, 1, '2022-11-10 19:38:55', '2022-12-02 20:18:37', NULL),
       (9, 'Безопасность жизнедеятельности',
        '<p>Дисциплина предназначен для студентов первого или второго курса бакалавриата всех направлений и специализаций. Курс состоит из шести основных разделов, в ходе которых рассматриваются современные проблемы и угрозы развития цивилизации, медико-биологические и психологические основы безопасности жизнедеятельности, физическое и психологическое здоровье человека, понятия охраны труда, анализируются действия человека при чрезвычайных ситуациях, демонстрируются приемы оказания первой медицинской помощи при авариях, чрезвычайных ситуациях и резком ухудшении здоровья.</p>',
        2, 2, '2022-11-10 19:42:32', '2022-12-02 20:25:47', NULL),
       (10, 'Философия',
        '<p>Целью данного курса является формирование представления о специфике философии как способе познания и духовного освоения мира, основных разделах современного философского знания, философских проблемах и методах их исследования; овладение базовыми принципами и приемами философского познания. Изучение дисциплины направлено на развитие навыков критического восприятия и оценки источников информации, умения логично формулировать, излагать и аргументированно отстаивать собственное видение проблем и способов их разрешения; овладение приемами ведения дискуссии, полемики, диалога.</p><p><br></p><p>Для достижения поставленной цели в курсе решаются следующие задачи:</p><ul><li>формирование навыков восприятия и анализа оригинальных философских текстов (классических и современных);</li><li>формирование навыков критического, исследовательского отношения к предъявляемой аргументации, развитие способности схватывания и понимания философских аспектов различных социально и личностно значимых проблем;</li><li>развитие и совершенствование способностей к диалогу, к дискуссии, к формированию и логически аргументированному обоснованию собственной позиции по тому или иному вопросу;</li><li>развитие и совершенствование творческих способностей при самостоятельном изучении философских проблем.</li></ul>',
        2, 2, '2022-11-10 19:42:44', '2022-12-02 20:34:26', NULL),
       (11, 'Введение в инженерную деятельность',
        '<p>Введение в инженерную деятельность познакомит с принципами технической деятельности инженера в различных отраслях промышленности через проекцию четырех промышленных революций. На примерах инженерных задач в курсе освещается роль естественных наук в инженерной практике.&nbsp;</p><p><br></p>',
        2, 2, '2022-11-10 19:43:06', '2022-12-02 20:41:42', NULL),
       (12, 'Проектный практикум',
        '<p>Курс направлен на формирование универсальных, общепрофессиональных и профессиональных компетенций обучающихся в области разработки и реализации проектов. Данный курс позволяет студентам освоить задачи профессиональной деятельности в проектном формате работы, формируя не только профессиональные знания и умения, но и навыки командной работы, выполнения функциональных задач при работе в рамках проекта в роли инициатора, руководителя проекта, а также участника проектной команды на различных стадиях жизненного цикла проекта, использования инструментов проектного менеджмента и технологий проектного управления, представления результатов своей профессиональной деятельности Заказчику, и т.д.</p><p><br></p><p><span style="color: rgb(33, 37, 41);">В рамках данного курса студенты выполняют проекты, связанные с их профессиональной деятельностью. Курс позволяет студентам ознакомиться в рамках практической деятельности со значимостью проектного подхода в рамках решения задач профессиональной деятельности, техниками и методологией проектного управления, с особенностями и инструментами, необходимыми для осуществления основных стадий проекта (инициация, реализация, сдача результатов проекта). В основу проектного обучения положена командная работа студентов начиная от постановки задачи до оценки полученного результата, направленная на достижение заданной цели и результата через создание уникального продукта или услуги с заданным качеством в условиях ограниченности ресурсов (временных, финансовых, человеческих, информационных.</span></p>',
        2, 28, '2022-11-10 19:43:22', '2022-12-02 20:43:53', NULL),
       (13, 'Векторный анализ',
        '<p>Изучение дисциплины «Векторный анализ» формирует фундаментальные знания, необходимые в общеинженерной и специальной подготовке бакалавров и специалистов – инженеров в области линейной алгебры и векторного анализа. В курсе рассматриваются такие разделы как алгебраические структуры (кольцо многочленов, поле комплексных чисел), линейные пространства, линейные операторы, квадратичные формы, скалярное и векторное поле, основные операции векторного анализа, Формулы Грина, Остроградского, Стокса, специальные виды векторных полей.</p>',
        2, 2, '2022-11-10 19:43:34', '2022-12-02 20:45:44', NULL),
       (14, 'Дополнительные главы математики',
        '<p>Курс включает в себя такие разделы как интегральное исчисление функций одной переменной (неопределенный интеграл, его свойства, методы интегрирования, определенный интеграл, свойства определенного интеграла, формула Ньютона-Лейбница, приложения определённых интегралов), дифференциальное исчисление функций нескольких переменных (дифференцирование функции нескольких переменных, частные производные первого и высших порядков, экстремум функции нескольких переменных), решение дифференциальных уравнений.</p>',
        2, 2, '2022-11-10 19:43:45', '2022-12-02 20:46:56', NULL),
       (15, 'Введение в специальность',
        '<p>В рамках дисциплины рассматриваются исторические этапы развития информационных и телекоммуникационных систем.</p><p><br></p><p>Дисциплина «Введение в специальность» содействует формированию мировоззрения и системного мышления, ориентирует обучающихся в широкой сфере информационных систем и технологий. Изучение дисциплины позволяет подготовить студентов к осознанному, активному участию в учебном процессе, приобрести первоначальные знания о сфере будущей профессиональной деятельности, направлениях её развития и мировых тенденциях.</p>',
        2, 3, '2022-11-10 19:50:40', '2022-12-02 20:48:58', NULL),
       (16, 'Теория вероятностей и математическая статистика',
        '<p>Дисциплина посвящена изучению основ теории вероятностей и математической статистики и занимает пограничную область между классическими математическими дисциплинами и специальными курсами. Рассматриваются такие понятия как случайное событие, вероятность, случайная величина и вектор, их числовые характеристики, случайная функция. Даются различные подходы к вероятности, включая аксиоматический, выводятся основные формулы теории вероятностей: сложения, умножения, полной вероятности, Байеса, Бернулли, Лапласа. Подробно рассмотрены основные законы распределения случайных величин, использующиеся в специальных инженерных дисциплинах. Большое внимание уделяется получению законов распределения функций случайной величины и случайного вектора. При решении задач особое внимание уделяется переходу от предметной, прикладной постановки задачи к выбору подходящей математической модели, постановке соответствующей математической задачи, применению методов решения и анализу полученных результатов. Такой подход к изложению предмета позволяет сформировать у студентов четкое различение строгого математического формализма и результатов, полученных с его помощью, и качественных рассуждений в рамках прикладной задачи.&nbsp;</p><p>Элементы математической статистики рассматриваются в генетической связи с теорией вероятности. Излагаются основы выборочного метода и описательной статистики. Рассмотрены задачи оценивания параметров распределений, проверки статистических гипотез. Кратко рассмотрены регрессионный, дисперсионный и корреляционный анализ.</p><p><br></p>',
        2, 3, '2022-11-10 19:50:56', '2022-12-02 20:50:22', NULL),
       (17, 'Эффективные коммуникации',
        '<p>Курс Эффективные коммуникации (смешанная форма) формирует метакомпетенции для выстраивания личного образа будущего и коммуникативной гибкости, обеспечения успешной деятельности и взаимодействия с другими людьми. Курс формирует ответственность, кооперацию, проактивность, предпринимательство, самодисциплину, критическое и креативное мышление, коммуникацию, цифровую и финансовую грамотность, умение выживать в условиях кризиса и неопределенности, готовность к стрессовым состояниям.</p><p>Внимание к окружающим и уверенность в своих ценностях лежат в основе всего, что связано с профессиональным влиянием и умением руководить.</p><p><br></p><p>&nbsp;После этого курса вы сможете:</p><ul><li>выявлять уникальные способности других людей, раскрывать их потенциал;</li><li>воспринимать, регулировать и конструктивно реагировать на чужие идеи;</li><li>находить решение проблем, управлять конфликтами, оказывать влияние и укреплять доверие с другими людьми.</li></ul>',
        2, 4, '2022-11-10 19:58:31', '2022-12-02 20:54:35', NULL),
       (19, 'Web-технологии',
        '<p>Вы познакомитесь со стандартами Web 2.0, научитесь работать с макетами и форматировать код, освоите адаптивную верстку, а по итогу — сможете создавать быстрые и удобные сайты, которые точно понравятся пользователям.</p><p>Вы поймёте назначение основных тегов HTML, сможете стилизовать и размещать элементы с помощью CSS и сверстаете свой первый макет.</p><p>Вы расширите знания об HTML-разметке и CSS-технологиях, научитесь создавать интерактивные сайты на JavaScript и работать с системой контроля версий Git, пополните портфолио новыми проектами и сможете зарабатывать больше.</p>',
        1, 6, '2022-11-10 20:01:18', '2022-12-03 09:14:07', NULL),
       (20, 'Базы данных',
        '<p>Дисциплина базы данных обеспечивает теоретическую и практическую подготовку студентов для эффективного использования баз данных в информационных системах. В процессе освоения дисциплины изучается теория баз данных, модели и методы работы со структурированными данными, методика проектирования и средства практического использования баз данных.</p><p><br></p><p>Почему специалисту ИТ-области необходимо понимать принципы организации данных и работу баз данных? Представьте себе, какими объемами данных, манипулируют современные организации, насколько сложным является анализ информации для принятия ключевых бизнес-решений, например, в банковской сфере. Наличие навыков работы с базами данных и получения необходимой информации позволяют сократить издержки на достижение коммерческой/исследовательской цели.</p><p><br></p><p>Этот курс рассматривает вопросы проектирования баз данных, включая принципы реляционного проектирования, знакомит с практиками проектирования операционных OLTP и аналитических OLAP хранилищ, позволяет изучить язык программирования SQL стандартов ANSI и Oracle, формирует практические навыки работы с инструментальными средами проектирования/разработки, востребованными работодателями.&nbsp;</p>',
        1, 7, '2022-11-10 20:04:26', '2022-12-05 10:02:54', NULL),
       (21, 'Технологии программирования',
        '<p><span style="color: rgb(33, 37, 41);">Курс "Прикладное программирование на языке Python" является базовым курсом по языку программирования Python с широкой направленностью. Курс "Прикладное программирование на языке Python" познакомит слушателей с парадигмами программирования, областями применения языка Python&nbsp;и предоставит слушателям&nbsp;базу для возможной дальнейшей специализации: анализ данных, веб-программирования, работы с базами данных и т. д.</span></p>',
        2, 8, '2022-11-10 20:05:43', '2022-12-02 21:28:56', NULL),
       (22, 'Программирование на Java',
        '<p>Данный курс предназначен для тех, кто только начинает изучать Java. Курс начинается с самых азов: компиляция и запуск Java-программ, синтаксис языка, система типов, основы объектно-ориентированного программирования. Далее рассматривает наиболее важные классы стандартной библиотеки. Для закрепления знаний в курсе предусмотрены контрольные вопросы и практические задания.</p>',
        1, 9, '2022-11-10 20:07:22', '2022-12-03 17:40:57', NULL),
       (23, 'Программирование на TypeScript',
        '<p>Вы на практике освоите TypeScript с нуля. Начнёте с основ, а к концу курса научитесь использовать все сильные стороны языка в веб-приложениях. Получите всё необходимое для профессионального роста в веб-разработке.</p><p><strong>JavaScript-разработчикам:</strong></p><p>Вы научитесь получать максимум из типизации: писать безопасный и устойчивый к внесению изменений код, а также проектировать архитектуру веб-приложений.</p><p><strong>Тем, кто учит фреймворки:</strong></p><p>TypeScript — основной язык для фреймворка Angular, в последнее время его используют при разработке компонентов в React.js.</p>',
        1, 9, '2022-11-10 20:08:14', '2022-12-03 17:42:02', NULL),
       (24, 'Программирование на JavaScript',
        '<p>Вы освоите язык JavaScript и его экосистему в теории и на практике, сможете создавать интерактивные сайты и вырасти как веб-разработчик.</p><p><strong>Начинающим фронтенд-разработчикам:</strong></p><p>Вы научитесь создавать интерактивные страницы, которые взаимодействуют с сервером, и станете более высокооплачиваемым специалистом.</p><p><strong>Тем, кто хочет научиться программировать:</strong></p><p>Вы освоите язык JavaScript и его экосистему и сможете начать карьеру JavaScript-разработчика.</p>',
        1, 9, '2022-11-10 20:08:34', '2022-12-03 17:41:42', NULL),
       (25, 'Программирование на PHP',
        '<p>Целью изучения модуля является изучение студентами основ web-программирования серверных приложений, реализованных с помощью языка PHP. Студенты узнают принцип работы web-приложений, что такое тонкие и толстые клиенты, способы передачи данных, что такое REST API, а также ознакомятся с основами языка PHP и элементами функционального программирования на нём.</p>',
        1, 9, '2022-11-10 20:08:59', '2022-12-03 17:39:47', NULL),
       (26, 'Программирование на C/C++',
        '<p>Основная задача курса – изучения языка С++, как прикладного инструмента решения задач. Курс включает в себя лекции с обратной связью в режиме диалога и лабораторные работы. Лекции содержат базовый обзор языка, принципы объектно- ориентированного программирования применительно к языку, минимальный необходимый набор информации о структурах и алгоритмах обработки данных для решения лабораторных работ.</p><p><br></p><p>Лабораторные работы содержат как базовые задачи по организации структур данных, так и расширенные задачи по организации структур для логических игр и алгоритмов работы с ними.</p>',
        1, 9, '2022-11-10 20:11:31', '2022-12-03 17:42:58', NULL),
       (27, 'Программирование на C#',
        '<p><span style="color: rgb(33, 37, 41);">После прохождения курса вы получите прикладные навыки разработки REST API приложений на языке программирования C#  с использованием фреймворка ASP.NET Core.</span></p>',
        1, 9, '2022-11-10 20:12:13', '2022-12-03 17:40:16', NULL),
       (28, 'Виртуализация и облачные технологии', '<p>Описания нет</p>', 1, 10, '2022-11-14 22:41:03',
        '2022-11-14 22:41:03', NULL),
       (29, 'Моделирование сложных процессов и систем',
        '<p><span style="color: rgb(33, 37, 41);">Модуль предназначен для обучения слушателей методологии и технологии моделирования сложных процессов и систем. Основное внимание уделяется компьютерному моделированию.</span></p><p><br></p><p>Рассматриваются следующие темы:</p><ul><li>Основные понятия моделирования систем. Классификация видов моделирования систем. Понятие компьютерного и имитационного моделирования. Этапы моделирования систем.</li><li>Концепции формализованного (математического) представления сложных процессов и систем.</li><li>Понятие системы массового обслуживания. Концепция языка моделирования GPSS.</li><li>Сущность метода имитационного моделирования. Принципы организации модельного времени в имитационных моделях.</li><li>Метод статистического моделирования.Случайные величины и их характеристики. Моделирование случайных воздействий на систему. Моделирование случайных событий. Методы имитационного моделирования случайных величин.&nbsp;</li><li>Особенности алгоритмов имитации систем массового обслуживании.</li></ul>',
        1, 11, '2022-11-14 22:41:57', '2022-12-03 17:00:06', NULL),
       (30, 'Постановка задачи на разработку ПО', '<p>Описания нет</p>', 1, 13, '2022-11-14 22:42:45',
        '2022-11-14 22:42:45', NULL),
       (31, 'Проектирование и реализация баз данных', '<p>Описания нет</p>', 1, 13, '2022-11-14 22:43:08',
        '2022-11-14 22:43:08', NULL),
       (32, 'Автоматизация тестирования с помощью Selenium и Python', '<p>Описания нет</p>', 1, 13,
        '2022-11-14 22:43:32', '2022-11-14 22:43:32', NULL),
       (33, 'Углубленное программирование на C/C++', '<p>Описания нет</p>', 1, 13, '2022-11-14 22:44:18',
        '2022-11-14 22:44:18', NULL),
       (34, 'Корпоративные информационные системы (Онлайн, HSE, RUS, ОК)', '<p>Описания нет</p>', 1, 13,
        '2022-11-14 22:44:43', '2022-11-14 22:44:43', NULL),
       (35, 'Разработка Android-приложений для мобильных устройств (Онлайн, RUS)',
        '<p><span style="color: rgb(51, 51, 51);">Курс предназначен для тех, кто не имеет опыта работы в разработке мобильных приложений в Android Studio, и посвящен изучению современных способов разработки мобильных приложений для операционной системы Android. У Вас есть шанс научиться разрабатывать мобильные приложения с первого занятия. Запускать приложение на своем телефоне или на виртуальном эмуляторе. Сделайте шаг в мир мобильной разработки!</span></p>',
        3, 13, '2022-11-14 22:45:07', '2022-12-04 15:43:04', NULL),
       (36, 'Разработка современных мобильных приложений на языке Kotlin (Онлайн, OpenEdu, RUS)',
        '<p><span style="color: rgb(33, 37, 41);">Цель курса - сформировать у обучающихся представление об утвержденных правилах построения мобильных приложений. После прохождения курса слушатели смогут создавать работающие приложения, которые охватывают все темы в Android разработке. Существенным преимуществом для слушателей будут знания языка программирования Java и Kotlin. Разработка приложений будет только на рекомендуемом компанией Google языке Kotlin. На протяжении курса вы создадите 10 работающих приложений с использованием новейших технологий в мобильной разработке. Модуль может быть использован как самостоятельный курс либо в сочетании с другими модулями в программах обучения магистров, а также для повышения квалификации слушателей.</span></p>',
        1, 20, '2022-11-14 22:45:32', '2022-12-03 17:09:44', NULL),
       (37, 'Программирование и разработка веб-приложений (Онлайн, OpenEdu, RUS)', '<p>Описания нет</p>', 1, 13,
        '2022-11-14 22:45:46', '2022-11-14 22:45:46', NULL),
       (38, 'Нейронные сети', '<p>Описания нет</p>', 1, 20, '2022-11-14 22:46:04', '2022-11-14 22:46:04', NULL),
       (39, 'Разработка мобильных приложений под Android (Тензор, RUS, ТK)', '<p>Описания нет</p>', 1, 13,
        '2022-11-14 22:46:29', '2022-11-14 22:46:29', NULL),
       (40, 'Системы искусственного интеллекта',
        '<p><span style="color: rgb(32, 33, 36);">Система искусственного интеллекта —&nbsp;</span><strong style="color: rgb(32, 33, 36);">пользовательское ИИ-приложение или их комплекс для решения бизнес-задач, выполнение которых традиционно оставалось за человеком</strong><span style="color: rgb(32, 33, 36);">.</span></p>',
        4, 13, '2022-11-14 22:46:51', '2022-12-04 20:14:58', NULL),
       (41, 'Разработка Web-приложений на ReactJS (RUS, ТK)', '<p>Описания нет</p>', 1, 13, '2022-11-14 22:47:27',
        '2022-11-14 22:47:27', NULL),
       (42, 'Эффективное программирование на Scala (Naumen, RUS, ТK)', '<p>Описания нет</p>', 1, 19,
        '2022-11-14 22:47:45', '2022-11-14 22:47:45', NULL),
       (43, 'Промышленная разработка на Java (Naumen, RUS, ТK)', '<p>Описания нет</p>', 1, 14, '2022-11-14 22:48:11',
        '2022-11-14 22:48:11', NULL),
       (44, 'Интерфейсы ПО', '<p>Описания нет</p>', 1, 14, '2022-11-14 22:48:27', '2022-11-14 22:48:27', NULL),
       (45, 'Корпоративные информационные системы (1С)', '<p>Описания нет</p>', 1, 14, '2022-11-14 22:48:58',
        '2022-11-14 22:48:58', NULL),
       (46, 'Программирование микроконтроллеров AVR ATMega (ИРИТ-РТФ, RUS, ТK)', '<p>Описания нет</p>', 1, 14,
        '2022-11-14 22:49:12', '2022-11-14 22:49:12', NULL),
       (47, 'Проектирование игр на Unity (ИРИТ-РТФ, RUS, ТK)', '<p>Описания нет</p>', 1, 14, '2022-11-14 22:49:31',
        '2022-11-14 22:49:31', NULL),
       (48, 'Поисковая оптимизация (SEO) (ArtSofte, RUS, ТК)', '<p>Описания нет</p>', 1, 14, '2022-11-14 22:49:53',
        '2022-11-14 22:49:53', NULL),
       (49, 'Frontend-разработка (Тензор, RUS, ТK)',
        '<p>Цель курса «Frontend-разработка» — дать системную подготовку и полный набор базовых знаний и умений для того, чтобы заниматься практической разработкой визуальной части веб-приложений. Курс от партнера ИРИТ-РТФ компании Тензор.</p><p><br></p><p>Курс позволит углубиться в документацию и логику построения команд. Изучить базу, то есть синтаксис языка (правила написания кода):</p><ul><li>HTML: разметка страниц</li><li>CSS: стили и расположение элементов</li><li>JavaScript: логика и взаимодействие элементов</li><li>React: популярная библиотека под JS</li></ul><p>Чтобы закрепить результат, важно практиковать теорию на большом количестве задач — для этого в программе курса «Frontend-разработка» предусмотрены лайвкодинг, промежуточные тесты и итоговый проект, который нужно будет выполнить каждому.</p>',
        1, 14, '2022-11-14 22:50:08', '2022-12-03 17:25:41', NULL),
       (50, 'Промышленная база данных Pangolin',
        '<p>Основывается на RDBMS PostgreSQL и содержит ряд доработок.</p><p>Позволяет обеспечить повышенные требования к безопасности хранимых данных, доступность, надёжность, а также производительность.</p><p>Позволяет сократить издержки бизнеса за счёт перехода на более эффективное решение по сравнению с другими системами.</p>',
        1, 14, '2022-11-14 22:50:29', '2022-12-03 17:27:02', NULL),
       (51, 'Введению в аналитику информационных систем (Artsofte)', '<p>Описания нет</p>', 1, 14,
        '2022-11-14 22:50:52', '2022-11-14 22:50:52', NULL),
       (52, 'UX/UI дизайн (УЦСБ, RUS, ТK)', '<p>Описания нет</p>', 1, 14, '2022-11-14 22:51:15', '2022-11-14 22:51:15',
        NULL),
       (53, 'Администрирование ОС', '<p>Описания нет</p>', 1, 14, '2022-11-14 22:51:35', '2022-11-14 22:51:35', NULL),
       (54, 'Разработка документации в IT-проектах (Банк России)', '<p>Описания нет</p>', 1, 20, '2022-11-14 22:51:54',
        '2022-11-14 22:51:54', NULL),
       (55, 'UX/UI дизайн (2)', '<p>Описания нет</p>', 1, 14, '2022-11-14 22:52:08', '2022-11-14 22:52:08', NULL),
       (56, 'Fullstack-разработка на Next.JS (2)',
        '<p><span style="color: rgb(33, 37, 41);">Курс предполагает изучение фреймворка Next.js (основан на React) через практическую разработку веб-сервиса. К началу курса важно иметь базовые представления об HTML, CSS и знать основные констрации языка JavaScript. Дисциплина реализуется в двух семестрах, последовательно. Первая часть посвящена практическим навыкам разработки отдельных веб-элементов, адаптивной верстке и навигации между страницами. Вторая часть курса погружает в аспекты взаимодействия с базами данных, другими фреймворками и развертыванию полноценного веб-сервиса.</span></p>',
        3, 14, '2022-11-14 22:52:34', '2022-12-04 15:34:43', NULL),
       (57, 'Непрерывная интеграция (ИРИТ-РТФ, RUS, ТК)', '<p>Описания нет</p>', 1, 14, '2022-11-14 22:53:47',
        '2022-11-14 22:53:47', NULL),
       (58, 'Анализ данных c помощью нейронных сетей (ИРИТ-РТФ, RUS, ТК)', '<p>Описания нет</p>', 1, 14,
        '2022-11-14 22:54:10', '2022-11-14 22:54:10', NULL),
       (59, 'Аналитика и системная интеграция в банковской деятельности (Альфа-банк, RUS, ТK)', '<p>Описания нет</p>',
        1, 14, '2022-11-14 22:54:29', '2022-11-14 22:54:29', NULL),
       (60, 'Сопровождение проектов (ArtSofte, RUS, ТK)', '<p>Описания нет</p>', 1, 20, '2022-11-14 22:55:10',
        '2022-11-14 22:55:10', NULL),
       (61, 'Программирование промышленных роботов по отраслям',
        '<p>Цель дисциплины: формирование у студентов знаний, навыков и способностей в области программирования промышленных роботов и манипуляторов технологического оборудования по отраслям.</p><p><br></p><p>Задачи дисциплины:</p><ol><li>Формирование знаний и навыков в сфере современных средств автоматизации производства при выполнении различных технологических операций и в различных отраслях;</li><li>Формирование умения применять современные средства при расчете и программировании промышленных роботов манипуляторов.</li></ol>',
        3, 14, '2022-11-14 22:55:35', '2022-12-04 15:29:08', NULL),
       (62, 'Документирование программных систем',
        '<p>Составление программной документации – очень важный этап жизненного цикла программной системы. На каждый программный продукт должна разрабатываться документация двух типов: для пользователей различных групп, для разработчиков.&nbsp;Документация на программную систему составляется в соответствии со стандартами ЕСПД. В курсе изучим основные требования стандартов к документации, научимся правильно составлять читабельные инструкции.</p>',
        1, 14, '2022-11-14 22:55:49', '2022-12-03 17:37:00', NULL),
       (63, 'Проектирование информационных систем', '<p>Описания нет</p>', 1, 14, '2022-11-14 23:16:02',
        '2022-11-14 23:16:02', NULL),
       (64, 'Теория и практика программной инженерии',
        '<p><span style="color: rgb(33, 37, 41);">Целью дисциплины «Теория и практика программной инженерии» является изучение современных инженерных принципов (методов) создания надежного, качественного программного обеспечения, удовлетворяющего предъявляемым к нему требованиям; формирование у студентов понимания необходимости применения данных принципов программной инженерии. Знания, умения и навыки, полученные в процессе изучения дисциплины, применяются студентами в процессе обучения по другим дисциплинам образовательной программы, а также в процессе выполнения выпускной квалификационной работы.</span></p>',
        3, 14, '2022-11-14 23:17:49', '2022-12-02 22:30:43', NULL),
       (65, 'Управление проектами',
        '<p>Один из способов эффективно организовать работу внутри компании – проектный менеджмент</p><p><br></p><p>•На курсе вам будут даны основы эффективного управления проектами</p><p>•Будем разбирать реальные кейсы на примере разных компаний, а так же по текущим проектам обучающихся</p><p>•Обучение на основе последних знаний по управлению проектами</p><p>•Особенности подходов Agile</p><p><br></p><p>Чему вы научитесь</p><p>✓ Управлять проектом и командой</p><p>✓ Готовить проектную документацию</p><p>✓ Выстраивать коммуникацию внутри команды</p><p>✓ Использовать гибкие методологии управления проектами</p>',
        3, 14, '2022-11-14 23:18:12', '2022-12-02 22:34:35', NULL),
       (66, 'Юзабилити и дизайн',
        '<p>Модуль 1 Понятие юзабилити</p><p>Модуль 2 Связь дизайна и юзабилити</p><p>Модуль 3 Типографика и юзабилити</p><p>Модуль 4 Законы и правила юзабилити</p><p>Модуль 5 Различия мобильных и других платформ</p><p>Модуль 6 Юзабилити аудит (анализ), эвристики</p><p>Модуль 7 Проектная работа, взаимодействие, вопр. и ответы разборы кейсов</p><p>Модуль 8 Обратная связь по проекту</p>',
        3, 20, '2022-11-14 23:18:38', '2022-12-03 11:22:18', NULL),
       (67, 'Современные технологии разработки мобильных приложений',
        '<p>Цель дисциплины: изучение основ и получение практических навыков программной инженерии в области разработки программного обеспечения для мобильных устройств.</p><p><br></p><p>Задачи дисциплины:</p><p>−&nbsp;&nbsp;&nbsp;&nbsp;ознакомление с основными мобильными операционными системами;</p><p>−&nbsp;&nbsp;&nbsp;&nbsp;ознакомление с различными инструментами разработки программного обеспечения для мобильных устройств;</p><p>−&nbsp;&nbsp;&nbsp;&nbsp;знакомство с особенностями разработки мобильных приложений на платформе Xamarin;</p><p>−&nbsp;&nbsp;&nbsp;&nbsp;изучение основных приёмов и методов программирования мобильных приложений;</p><p>−&nbsp;&nbsp;&nbsp;&nbsp;овладение практическими навыками разработки приложений;</p><p>−&nbsp;&nbsp;&nbsp;&nbsp;получение практических навыков по разработке полноценного мобильного приложения с применением всех изученных принципов, методик, методов и средств разработки.</p>',
        3, 14, '2022-11-14 23:18:57', '2022-12-03 11:25:43', NULL),
       (68, 'Основы проектирования интерфейсов',
        '<p>Целью изучения дисциплины является ознакомление студентов с универсальными принципами проектирования интерфейсов, не зависящими от стандартов операционной системы, среды или устройства.</p><p><br></p><p>Задачи дисциплины:</p><p>- изучить приемы проектирования экранных форм;</p><p>- познакомиться с инструментами для проектирования интерфейсов;</p><p>- научиться оценивать эффективность интерфейса;</p><p>- научиться использовать психологические и физиологические особенности человека при проектировании интерфейса.</p>',
        3, 16, '2022-11-14 23:19:22', '2022-12-03 11:32:09', NULL),
       (69, 'Базы данных. Углубленный курс.',
        '<p><span style="color: rgb(33, 37, 41);">Курс продолжает знакомить студентов с технологическими особенностями проектирования и программирования систем управления базами данных. Остановимся на ряде типовых решений, а также причинах их рекомендации в решению типовых задач, основанных на опыте работы в предметной области.</span></p>',
        3, 17, '2022-11-14 23:19:39', '2022-12-04 15:07:50', NULL),
       (70, 'Дискретная математика и математическая логика',
        '<p>В отличие от традиционной математики (математического анализа, линейной алгебры и др.), методы и конструкции которой имеют в основном числовую интерпретацию, дискретная математика имеет дело с объектами нечисловой природы: множествами, логическими высказываниями, алгоритмами, графами.</p><p><br></p><p>	Дискретная математика предлагает: универсальные средства (языки) формализованного представления; способы корректной переработки информации, представленной на этих языках; возможности и условия перехода с одного языка описания на другой с сохранением содержательной ценности моделей.</p><p><br></p><p>	Знание методов дискретной математики совершенно необходимо для четкой формулировки постановок различных прикладных задач, их формализации и компьютеризации, а также для усвоения и разработки современных информационных технологий.&nbsp;</p><p><br></p><p>	Дискретная математика впервые позволила распространить математические методы на сферы и задачи, которые ранее были далеки от математики. Примером могут служить методы моделирования различных социальных и экономических процессов.&nbsp;</p><p><br></p><p>	При изучении дисциплины разбирается широкий круг логических и алгоритмических задач, которые могут встретиться в профессиональной практике бакалавра</p>',
        4, 18, '2022-11-14 23:19:44', '2022-12-02 20:39:51', NULL),
       (72, 'Распределенные базы данных',
        '<p><span style="color: rgb(33, 37, 41);">Целью изучения дисциплины&nbsp;является овладение студентами проектирования различных видов распределенных информационных систем: от алгоритмов параллельной обработки информации и средств операционных систем до программирования распределенных приложений и баз данных.</span></p>',
        3, 19, '2022-11-14 23:20:42', '2022-12-04 15:12:53', NULL),
       (73, 'Архитектура ЭВМ',
        '<p><span style="color: rgb(33, 37, 41);">В дисциплине "Архитектура ЭВМ" рассмотрены вопросы организации и функционирования вычислительных устройств, машин и систем. Описываются логические, информационные, алгоритмико-вычислительные основы построения систем. Значительное внимание уделено архитектурам вычислительных машин и систем, их классификациям, составным компонентам — информационно-вычислительным средам и коммутационно-коммуникационным средам. а подробно представлены технические, структурные, архитектурные компоненты персональных машин и средства их комплексирования.</span></p>',
        4, 19, '2022-11-14 23:20:57', '2022-12-02 20:50:31', NULL),
       (74, 'Машинное обучение в электронной коммерции',
        '<p>Машинное обучение в электронной коммерции - Курс посвящен дизайну и проектированию проектов машинного обучения в рамках решения реальных задач. Он будет развивать навыки анализа проблем и способности выдвигать свое видение и гипотезы для решения задач крупного бизнеса методами машинного обучения.</p>',
        3, 19, '2022-11-14 23:21:00', '2022-12-04 15:15:03', NULL),
       (75, 'Продуктовый дизайн (УЦСБ)',
        '<p>Продуктовый дизайн — это процесс создания продукта, который предлагает решение проблемы на определенном рынке. Успешный продуктовый дизайн отвечает потребностям бизнеса и пользователей. Он включает цифровые средства, дизайн опыта взаимодействия и физические продукты.</p>',
        3, 19, '2022-11-14 23:21:17', '2022-12-04 15:20:57', NULL),
       (76, 'Интернет вещей',
        '<p>Цель дисциплины: сформировать компетенции в области разработки информационно-управляющих систем интернета вещей, подготовить студентов для профессиональной деятельности в области автоматизации и управления процессами на основе данных микроконтроллерных систем.&nbsp;</p><p><br></p><p>Задачи дисциплины:</p><p>1.&nbsp;&nbsp;&nbsp;&nbsp;Научиться разрабатывать компоненты систем интернета вещей.</p><p>2.&nbsp;&nbsp;Сформировать комплексное представление принципов функционирования управляющих систем на основе данных в том числе роботизированных.</p>',
        3, 21, '2022-11-14 23:21:35', '2022-12-04 15:22:43', NULL),
       (77, 'Алгоритмы и анализ сложности',
        '<p>Дисциплина "Алгоритмы и анализ сложности" является базовой дисциплиной для студентов, занимающихся информационными технологиями. Для успешного изучения дисциплины, студенту не требуется дополнительных знаний, превышающих программу школьного образования.&nbsp;</p><p><br></p><p>В рамках этой дисциплины студенты познакомятся с основными алгоритмами и методиками оценки их сложности. Кроме того, студенты познакомятся с основными методиками создания новых алгоритмов. Навыки оценки и создания алгоритмов, студенты будут закреплять в рамках практических работ. Прохождение данной дисциплины позволит студентам подготовиться к осознанной и активной работе в отрасли информационных технологий.</p>',
        4, 19, '2022-11-14 23:22:36', '2022-12-03 18:50:55', NULL),
       (78, 'Компьютерные сети',
        '<p>Особенностью курса является рассмотрение работы беспроводных сетей WiFi и Bluetooth, а также безопасность беспроводных сетей.</p><p><br></p><p>В курсе разбираются маршрутизация и технологии маршрутизации, а также виртуальные локальные сети.</p><p><br></p><p>Практические работы рассматривают принципы создания высокоскоростных магистралей, QoS (качество обслуживания), настройку приоритетов в обслуживании, а также ограничение доступа к сети.</p>',
        4, 23, '2022-11-14 23:23:47', '2022-12-03 18:58:20', NULL),
       (79, 'Основы технологии блокчейн',
        '<p>Цель дисциплины: сформировать компетенции в области сквозной цифровой технологии распределенных реестров.</p><p><br></p><p>Задачи дисциплины:</p><ul><li>изучение архитектуры систем распределенного реестра блокчейн;</li><li>изучение технологии умных контрактов и языка разработки умных контрактов Solidity;</li><li>изучение создания приложения для блокчейн на Python.</li></ul>',
        3, 19, '2022-11-14 23:26:30', '2022-12-04 15:30:46', NULL),
       (80, 'Компьютерное зрение',
        '<p>Курс «Компьютерное зрение» посвящен подробному изучению наиболее популярных в настоящее время архитектур глубоких искусственных нейронных сетей в задачах компьютерного зрения. Данный подход наиболее востребован в настоящее время во многих приложениях реального сектора экономики, начиная от медицинских задач и заканчивая такими приложениями, как «Deep fake» и «Prisma». Особенностью курса является подробный теоретический разбор каждой рассматриваемой архитектуры сети послойно, а также разбор особенностей ее обучения на конкретных практических примерах (распознавание лиц, поиск номеров автомобилей, и т.д.).&nbsp;</p><p><br></p><p>Практическая часть (лабораторный практикум) реализуется на базе популярных библиотек обучения нейронных сетей. Особенностью практической части курса является рассмотрение изученного материала на «реальных» данных.&nbsp;</p><p><br></p><p>Итоговая работа включает полный цикл обучения нейронной сети начиная от подбора данных и заканчивая численными оценками результатов. В результате прохождения курса студент получит навыки самостоятельного решения задач классификации изображений, их сегментации, а также поиска и выделения на них целевых объектов. При этом студент будет компетентен самостоятельно выбирать архитектуры сетей, особенности их обучения и подготовки данных. Полученные в курсе знания позволят студенту квалифицированно выполнять практические проекты и/или пройти собеседование в крупной компании на должность разработчика систем компьютерного зрения.</p>',
        3, 19, '2022-11-14 23:27:24', '2022-12-04 15:32:57', NULL),
       (81, 'DevOps инженер (Ростелеком)',
        '<p><span style="color: rgb(33, 37, 41);">DevOps инженер (Ростелеком)</span></p>', 3, 19, '2022-11-14 23:29:03',
        '2022-12-04 15:38:52', NULL),
       (82, 'Программирование на JavaScript',
        '<p>Целью изучения модуля является изучение студентами архитектуры пользовательских приложений с помощью языка JavaScript. Этот курс поможет углубить представление о принципах ООП, структурах данных и о том, как создавать SPA-приложения на JavaScript.</p>',
        4, 24, '2022-11-14 23:30:52', '2022-12-03 19:08:30', NULL),
       (83, 'Программирование на Python',
        '<p>Python — один из самых популярных языков программирования на сегодняшний день, а инструментарий Data Science (интеллектуального анализа данных) применяется все в новых и новых сферах экономики, производства и повседневной жизни. И так как, на данный момент, подавляющее число решения Data Science создается на Python, то в рамках курса мы рассмотрим применение именно этого языка программирования и его ключевых библиотек для решения задач интеллектуального анализа данных и построение моделей машинного обучения.</p><p><br></p><p>Будут рассмотрены темы разведывательного анализа данных, очистки и предварительной обработки данных, инженерии признаков, отбора признаков, построения моделей машинного обучения с учителем и без учителя, а так же изучены различные метрики качества и методы валидации и отбора лучших моделей. Получаемые навыки будут закрепляться как на учебных проектах, так и на реальных задачах.</p>',
        1, 25, '2022-11-14 23:31:28', '2022-12-05 10:03:35', NULL),
       (84, 'Программирование на PHP',
        '<p>Целью модуля является изучение студентами основ прикладного web-программирования серверных приложений, реализованных с помощью языка PHP.</p><p><br></p><p>Студенты более подробно познакомятся с принципами ООП, реализованными в языке PHP, а также смогут на практике поработать с основными популярными CMS и фреймворками, включая Laravel, на который ориентируются учебные материалы. Студенты также смогут выбрать альтернативные технологии, такие как Symphony, Yi2 и другие. Обучающиеся погрузятся в синтаксис языка, а также экосистемы CMS и фреймворков.</p>',
        4, 20, '2022-11-14 23:33:18', '2022-12-03 19:18:37', NULL),
       (85, 'Программирование на TypeScript', '<p>Описания нет</p>', 3, 20, '2022-11-14 23:34:01',
        '2022-11-14 23:34:01', NULL),
       (86, 'Промышленная разработка на фреймворке Spring',
        '<p>Курс предназначен для слушателей, знакомых с программированием на языке Java, и желающих получить знакомство с технологиями, использующимися в реальной промышленной разработке. Рассмотрение происходит на примере разработки серверной части web-приложения с долговременным хранением и значимой обработкой данных. При этом используется стек технологий Java/Spring/Hibernate/Json.</p><p><br></p><p>В первой части курса рассматриваются общие вопросы использования фреймворка Spring, имеющие универсальную полезность по всему фреймворку. Рассматривается понятие Spring bean, механизм аннотаций и конфигураций, в том числе текстовых файлов конфигурации.</p><p><br></p><p>Вторая часть посвящена технологиям взаимодействия с базами данных. Рассматриваются способы применения идеологии ORM на примере стандарта JPA и его реализации Hibernate. Изучается паттерн доступа к данным Repository и его реализация в проекте Spring Data.</p><p><br></p><p>В третьей части изучаются некоторые практики реализации взаимодействия с frontend-слоем приложения. Для этой цели рассматриваются проекты Sring MVC, Spring WebFlux. Для расширения кругозора кратко излагается идеология обмена сообщениями на примере Java Messaging.</p><p><br></p><p>Дополнительно рассматривается применение проекта Spring Boot как интересного образца современной практики разработки приложений на Spring.</p><p><br></p><p>По окончании курса подготовка слушателей будет достаточна для позиции junior-разработчика backend.</p>',
        4, 20, '2022-11-14 23:34:39', '2022-12-03 19:24:35', NULL),
       (87, 'Основы хранения и обработки данных в программном обеспечении',
        '<p><span style="color: rgb(33, 37, 41);">В курсе предлагается ознакомиться с различными подходами к интеграции и обработке данных в программном обеспечении. Приводится обзор и эволюция методов интеграции данных с 80-х до наших дней. Приводятся практические примеры проектирования хранлищ данных. Приводятся примеры современных программных средств интеграции и виртуализации данных.</span></p>',
        4, 26, '2022-11-14 23:35:18', '2022-12-03 19:26:24', NULL),
       (88, 'Разработка web-приложений на готовых платформах (CMS)',
        '<p>Курс включает в себя как лекции, так и практические занятия.</p><p><br></p><p>На этом курсе будут освещены такие темы как:</p><p><br></p><ul><li>Работа клиент-серверных технологии</li><li>Виртуализация и создание серверного окружения</li><li>Серверные технологии размещения и распространения ПО: SAAS, PAAS, IAAS. Облачные технологии.</li><li>Языки программирования (PHP, JavaScript) а также другие клиент-серверные технологии СУБД (MySQL, MongoDB) языки разметки и языки описания (HTML, CSS);</li><li>Фреймворки (Yii, Symphony);</li><li>CMS-системы (wordpress, joomla, drupal, bitrix);</li><li>Онлайн-конструкторы (wordpress, tilda);</li></ul><p><br></p><p><br></p><p>Практические занятия будут посвящены установке виртуальной машины,установке и запуску веб-сервера и всех необходимых бекенд-технологий (интерпретатора языка программирования и системы управления базой данных (СУБД)), запуску простых динамических страниц и интерактивному взаимодействию с сайтом, начальным этапам работы с фреймворками. Особое внимание будет уделено CMS-системам их установке, настройке, оформлению и функциональному наполнению. Также на уровне практических занятий будут рассмотрены онлайн-конструкторы и их основные возможности по созданию сайтов.</p>',
        4, 26, '2022-11-14 23:35:45', '2022-12-03 19:35:50', NULL),
       (89, 'Прикладное программирование на C\C++',
        '<p>Основная задача курса – изучения языка С++, как прикладного инструмента решения задач. Курс включает в себя лекции с обратной связью в режиме диалога и лабораторные работы. Лекции содержат базовый обзор языка, принципы объектно ориентированного программирования применительно к языку, необходимый набор информации о структурах и алгоритмах обработки данных для решения лабораторных работ.</p><p><br></p><p>Лабораторные работы содержат как базовые задачи по организации структур данных, так и расширенные задачи по организации структур для логических игр и алгоритмов работы с ними.</p><p><br></p><p><br></p><p><br></p><ol><li>Базовые структуры языка. Взаимодействие с пользователем, ввод, вывод;</li><li>Работа с указателями. Динамическое выделение памяти;</li><li>Указатель как аргумент функции;</li><li>Структуры;</li><li>Организация списков и очередей;</li><li>Организация деревьев и их заполнение;</li><li>Игровой бот на дереве решений;</li><li>Наследование и полиморфизм.</li></ol>',
        4, 26, '2022-11-14 23:36:14', '2022-12-03 19:29:53', NULL),
       (90, 'Объектно-ориентированное программирование на Java',
        '<p>Курс ориентирован на студентов, знакомых с основами программирования, и имеет целью ознакомить их с объектно-ориентированным подходом на примере языка Java. Основное внимание уделяется прикладным вопросам и самостоятельной практической работе.</p><p><br></p><p>В основной части курса рассматриваются базовые принципы объектно-ориентированных языков и их применение в практическом программировании. Для этого изучается система типов языка Java, и на её примере иллюстрируется реализация базовых принципов ООП. При этом показываются некоторые паттерны программирования на Java.</p><p><br></p><p>В дополнительных главах рассматриваются некоторые не-объектно-ориентированные средства языка, в том числе обобщенные типы и лямбда-выражения. Кроме того, кратко рассматриваются вопросы, прилегающие к системному уровню, необходимые для ясного понимания общих черт экосистемы Java.</p><p><br></p><p>В ходе практических занятий затрагиваются также некоторые инструментальные вопросы программирования на Java, в том числе кратко рассматриваются программные средства JUnit, Maven, Git, SonarQube.</p>',
        4, 26, '2022-11-14 23:36:49', '2022-12-03 19:31:39', NULL),
       (91, 'Бизнес планирование',
        '<ul><li>изучить роль бизнес–планирования в системе управлении компанией;	</li><li>выявить необходимость и преимущества применения бизнес–планирования в деятельности компании;</li><li>определить цели и задачи бизнес–планирования;</li><li>познакомить со структурой бизнес-плана;</li><li>объяснить взаимосвязь основных разделов бизнес-плана;</li><li>проанализировать типичные ошибки и недостатки в бизнес–планировании;</li><li>развить у студентов навыки деловой активности с помощью организации составления бизнес-планов.</li></ul>',
        1, 26, '2022-11-14 23:38:29', '2022-12-03 17:02:25', NULL),
       (92, 'Электронная коммерция',
        '<p>Электронная коммерция — это сфера цифровой экономики, которая включает в себя все финансовые и торговые транзакции, осуществляемые при помощи компьютерных сетей, и бизнес-процессы, связанные с проведением таких транзакций.</p>',
        3, 26, '2022-11-14 23:38:49', '2022-12-03 00:41:47', NULL),
       (93, 'Софты для ИТ 2.0',
        '<p>Цель курса - сформировать среду развития софт скиллс. На курсе студенты знакомятся с востребованными в ИТ компетенциями: саморазвитие, коммуникация, критическое мышление, инициативность, отвптственность, инструментами их развития и отрабатывают эти инструменты на практике.</p><p><br></p><p>Сформировать понимание важности непрерывного саморазвития для работы в IT- сфере</p><p><br></p><p>Помочь определить сильные стороны студентов и зоны развития.</p><p><br></p><p>Сформировать интерес к теме развития софт скиллс.</p><p><br></p><p>Курс содержит материалы для самостоятельного изучения каждой темы</p>',
        4, 26, '2022-11-14 23:39:04', '2022-12-03 19:34:23', NULL),
       (94, 'Искусство ведения переговоров',
        '<p><span style="color: rgb(33, 37, 41);">Предмет дисциплины — приобретение практических навыков деловой коммуникации, направленной на представление интересов компании. Теоретические основы технологии продаж, открытия контакта, активного слушания, работы с возражениями, эффективной презентации и тренировка навыков на практике.</span></p>',
        3, 26, '2022-11-14 23:39:16', '2022-12-03 00:43:10', NULL),
       (95, 'Основы социальных коммуникаций',
        '<p><span style="color: rgb(33, 37, 41);">Предмет дисциплины — изучение процесса делового информационного обмена. Социальные коммуникации как способ достижения результата в любой деятельности, где присутствует человеческий фактор. Освоение понятий дисциплины: внутренние и внешние коммуникации в организации, коммуникационная политика, обратная связь, каналы коммуникаций, коммуникационные бизнес-процессы. Понятие об уровнях коммуникационной культуры.</span></p>',
        3, 26, '2022-11-14 23:39:27', '2022-12-03 00:45:06', NULL),
       (96, 'Продвижение в социальных сетях',
        '<p>На своем курсе расскажу про ведение соцсетей легко и понятно. Счастливых обеспеченных людей должно быть много.&nbsp;</p><p><br></p><p>С чем сталкиваются стартаперы?</p><p>- Нет понятия, как управляемо привлекать клиентов</p><p>- Точные портреты ЦА для таргета, работающие креативы</p><p>- Ведение соцсетей занимает слишком много времени</p><p>- Пробовали вести блог, но не видят общей стратегии своего позиционирования и продвижения, не имеют четких целей&nbsp;</p><p><br></p><p>Результат после обучения</p><p>- Станете немного маркетологами.</p><p>- Составите портреты целевой аудитории и поймете как интересно подать и продать клиентам свои услуги и товары.</p><p>- Благодаря грамотному ведению блога найдете постоянных заказчиков.</p><p>- Распишете себе по полочкам, что делать. Поймете, какой будет результат.</p><p><br></p><p>Всегда будете знать о чем писать.</p><p><br></p><p>- Подготовите аккаунты к таргету, чтобы реклама стала более эффективной.</p><p>- Поймете как интересно подать и продать клиентам свои услуги и товары</p><p>- Узнаете секретные секреты</p><p>- Самых успешных студентов приглашу в свою команду</p>',
        3, 27, '2022-11-14 23:39:54', '2022-12-03 00:55:05', NULL),
       (97, 'Бухгалтерский учет в 1С',
        '<p>Механизм бухгалтерского учета — это один из прикладных механизмов платформы. Он позволяет реализовать в прикладном решении систему двойной записи бухгалтерского учета. Он не навязывают разработчику собственно принципов ведения бухгалтерского учета, и позволяет создавать модели учета, применимые как в России, так и в других странах.</p>',
        1, 27, '2022-11-14 23:40:07', '2022-12-03 13:44:54', NULL),
       (98, 'Финансовый анализ', '<p>Описания нет</p>', 4, 27, '2022-11-14 23:40:19', '2022-12-03 19:37:53', NULL),
       (99, 'Финансовое моделирование инновационных или стартап проектов', '<p>Описания нет</p>', 4, 27,
        '2022-11-14 23:40:33', '2022-12-03 19:38:24', NULL),
       (100, 'Тенденции развития современных финансовых экосистем', '<p>Описания нет</p>', 4, 27, '2022-11-14 23:40:48',
        '2022-12-03 19:39:35', NULL),
       (101, 'Маркетинг', '<p>Описания нет</p>', 4, 27, '2022-11-14 23:41:12', '2022-12-03 19:40:30', NULL),
       (102, 'Социология', '<p>Описания нет</p>', 4, 27, '2022-11-14 23:41:30', '2022-12-03 19:42:32', NULL),
       (103, 'Управленческая психология',
        '<p><span style="color: rgb(33, 37, 41);">Управленческая психология направлена на знакомство с Управлением как системой психологических воздействий, изучение основных свойств, психологических приемов и механизмов  управления группой. Современному специалисту важно разбираться в Информационном обеспечении процессов управления, а также коммуникативной организации среды управления, что подробно раскрывает данный курс.</span></p>',
        3, 27, '2022-11-14 23:41:44', '2022-12-03 01:04:42', NULL),
       (104, 'Социальная психология', '<p>Описания нет</p>', 4, 27, '2022-11-14 23:41:58', '2022-12-03 19:44:45', NULL),
       (105, 'Психология',
        '<p>Курс "Психология" нацелен на усвоение знаний об особенностях психики человека с последующим их</p><p><br></p><p>практическим применением в профессиональной и личной жизни. Слушатели учатся анализировать паттерны человеческого поведения, лучше осознавать внутренние потребности и мотивы деятельности окружающих их людей. На занятиях студенты получат различные инструменты самопознания, методики определения типов личности и их особенностей, психологические техники работы с эмоциями, чувствами и бессознательными психическими установками. Все это в дальнейшем позволит им более</p><p><br></p><p>эффективно взаимодействовать с людьми</p>',
        4, 27, '2022-11-14 23:42:13', '2022-12-03 19:45:58', NULL),
       (106, 'Системная аналитика',
        '<p>Цель курса - научить студентов решать задачи системного аналитика, используя современные инструменты для успешного их выполнения. Поэтому, в рамках курса мы поговорим про роль системного аналитика в команде, про то какие команды бывают, какие методологии разработки ПО мы используем и почему. Поговорим о структуре документов, где фиксируются требования для разработчиков и изучим системы, в которых эти документы можно вести и хранить. Рассмотрим различные виды диаграмм для описания процессов. Также расскажем про типы архитектур информационных систем и как можно их интегрировать между собой. Рассмотрим различные форматы передачи данных и опишем их в работах. Изучим инструменты для тестирования интеграций и рассмотрим варианты оформления тестовых сценариев.</p>',
        4, 27, '2022-11-14 23:49:16', '2022-12-04 19:34:33', NULL),
       (107, 'Правовые основы информационных технологий',
        '<p>Благополучные люди в течение всей своей жизни овладевают умением создавать, укреплять и поддерживать созданное. Если созданное не материально, то для его укрепления и поддержания необходимо знать правовые основы интеллектуальной собственности. Каждый человек в своей жизни имеет дело с интеллектуальной собственностью, своей или чужой. Поэтому курс будет полезен всем, кто работает в интеллектуальной сфере, кто создает что-то свое и хочет это защитить, кто использует что-то чужое и хочет сделать все правильно.</p><p><br></p><p>Курс ориентирован на студентов, не получающих специальное юридическое образование, но которым необходимо разбираться в актуальных правовых вопросах интеллектуальной собственности. Содержание курса охватывает широкий круг вопросов в области защиты интеллектуальной собственности и повышения эффективности правоприменения в этой сфере.</p><p><br></p><p>Курс нацелен на формирование определенных компетенций, которые пригодятся слушателям в их профессиональной деятельности. Обучающиеся смогут использовать основы правовых знаний на практике, находить организационно-управленческие решения в нестандартных ситуациях и нести за них ответственность, а также решать стандартные задачи профессиональной деятельности с учетом основных требований информационной безопасности</p>',
        4, 27, '2022-11-14 23:50:36', '2022-12-04 19:38:37', NULL),
       (108, 'Операционные системы',
        '<p>Цель дисциплины (модуля): получить представление о структуре и архитектуре современных операционных систем и практические навыки по работе в современных операционных системах и системном программировании.</p>',
        4, 27, '2022-11-14 23:52:00', '2022-12-04 19:41:16', NULL),
       (109, 'Программирование на Java.Spring',
        '<p>Вы освоите самый востребованный фреймворк для создания веб-приложений и REST-сервисов на Java. Научитесь создавать и поддерживать приложения на Spring, прокачаете свой профессиональный уровень и сможете зарабатывать больше.</p><p><br></p><p><strong>JavaScript-разработчикам:</strong></p><p>Вы изучите Spring-фреймворк, без знания которого невозможно развиваться в разработке на Java. Узнаете, как создавать и оптимизировать веб-приложения, и сделаете собственный книжный интернет-магазин. Повысите профессиональный уровень и добавите крутой проект в портфолио.</p>',
        4, 27, '2022-11-14 23:57:57', '2022-12-04 19:52:04', NULL),
       (110, 'GameDev',
        '<p>В курсе изучаются методы реализации игр. На упражнениях и задачах отрабатываются навыки реализации игровых механик в виде прототипов разного уровня сложности. Также изучается работа с игровыми движками.</p>',
        4, 27, '2022-11-14 23:58:40', '2022-12-04 19:54:19', NULL),
       (111, 'Frontend-разработка на ReactJS',
        '<p>Этот курс подойдет тем, кто желает ознакомиться с профессией фронтэнд разработчика. Вы получите представление о том, как разрабатываются клиентские приложения на языке программирования TypeScript (расширении языка JavaScript), ставшим де-факто стандартом в сфере разработки современных клиентских веб-приложений, с использованием популярной быстроразвивающейся библиотеке ReactJS.</p><p><br></p><p>В процессе обучения вам предстоит разработать веб-приложение, шаг за шагом изучая современные инструменты веб-разработки, принципы и шаблоны проектирования. Разработку проекта можно вести по желанию либо индивидуально, либо в команде.</p>',
        4, 28, '2022-11-14 23:59:09', '2022-12-04 19:55:24', NULL),
       (112, 'React. Разработка сложных клиентских приложений',
        '<p>На курсе студенты изучат основы TypeScript и процессы типизации, познакомятся с основными концепциями React и научатся проектировать сложные клиентские приложения с применением React. Работа на курсе построена вокруг реализации личного проекта, поэтому студенты смогут применить изученные знания на реальном проекте. Благодаря актуальным материалам и разнообразной форме подачи информации (скринкасты, статьи, демонстрации), студенты смогут получить востребованные на рынке труда навыки.</p>',
        4, 29, '2022-11-14 23:59:28', '2022-12-04 19:57:52', NULL),
       (113, 'Fullstack-разработка на Next.JS',
        '<p>Курс предполагает изучение фреймворка Next.js (основан на React) через практическую разработку веб-сервиса. К началу курса важно иметь базовые представления об HTML, CSS и знать основные констрации языка JavaScript. Дисциплина реализуется в двух семестрах, последовательно. Первая часть посвящена практическим навыкам разработки отдельных веб-элементов, адаптивной верстке и навигации между страницами. Вторая часть курса погружает в аспекты взаимодействия с базами данных, другими фреймворками и развертыванию полноценного веб-сервиса.</p>',
        4, 30, '2022-11-14 23:59:47', '2022-12-04 20:00:49', NULL),
       (114, 'Программирование на React и Vue',
        '<p>Для профессионального программирования нужны более сложные подходы и инструменты - изучите набор библиотек React. Сможете создавать модульные проекты, обрабатывать сложные события в браузере, делать анимацию на странице.</p><p><br></p><p>Все эти навыки требуются в большинстве современных проектах, поэтому их указывают компании в своих вакансиях.</p><p><br></p><p>Но вы получите даже больше - еще и познакомитесь с другими фреймворками: Angular и Vue.js, это расширит ваши возможности по выбору проектов.</p>',
        4, 31, '2022-11-15 00:00:12', '2022-12-04 20:02:25', NULL),
       (115, 'Разработка в 1С',
        '<p>Цель курса: разобрать, почему деловое ПО от “1С” наиболее востребованное на рынке России, и овладеть базовыми навыками разработки на 1С.</p><p><br></p><p>На курсе “Разработка в 1С” разберём:</p><p><br></p><p>почему программисты и консультанты 1С больше других востребованы на российском рынке труда;</p><p><br></p><p>какие программы от “1С” бывают и почему они занимают более 80 % рынка ПО для бизнеса;</p><p><br></p><p>как дорабатывается и поддерживается “зоопарк” программ 1С;</p><p><br></p><p>основные объекты в 1С.</p><p><br></p><p>На лабораторных занятиях разработаем и доработаем конфигурацию с нуля, напишем несколько доработок для конфигурации “1С:Управление нашей фирмой”, сделаем обмен данными между разными конфигурациями 1С.</p>',
        4, 31, '2022-11-15 00:00:29', '2022-12-04 20:03:12', NULL),
       (116, 'Проектирование на C#', '<p>Описания нет</p>', 4, 31, '2022-11-15 00:01:10', '2022-12-04 20:04:48', NULL),
       (117, 'Низкоуровневое программирование на С', '<p>Описания нет</p>', 4, 31, '2022-11-15 00:01:53',
        '2022-12-04 20:06:06', NULL),
       (118, 'Профессия Аналитик в ИТ', '<p>Описания нет</p>', 4, 31, '2022-11-15 00:02:32', '2022-12-04 20:07:15',
        NULL),
       (119, 'Управление требованиями', '<p>Описания нет</p>', 4, 31, '2022-11-15 00:02:51', '2022-12-04 20:11:50',
        NULL),
       (120, 'Контроль качества ПО', '<p>Описания нет</p>', 4, 31, '2022-11-15 00:03:38', '2022-12-04 20:13:11', NULL),
       (121, 'Администрирование ERP-платформы',
        '<p>Программа курса</p><p><br></p><p>1.Что такое ERP-платформа. Ее место в автоматизации предприятия</p><p><br></p><p>2.Структура и функциональность ERP-платформы МА-3</p><p><br></p><p>3.Техническая архитектура для развертывания МА-3</p><p><br></p><p>4.Администрирование ERP-платформы МА-3</p><p><br></p><p>4.1 Управление пользователями системы</p><p><br></p><p>4.2 Управление модулями системы&nbsp;</p><p><br></p><p>5.Формирование функциональных требований для внедрения ERP-системы на примере модуля HR.</p>',
        4, 31, '2022-11-15 00:04:00', '2022-12-04 20:11:04', NULL),
       (123, 'Анализ данных на Python', '<p>Описания нет</p>', 4, 31, '2022-11-15 00:04:53', '2022-12-04 20:15:46',
        NULL),
       (124, 'Серверные операционные системы',
        '<p>Курс в себя включает лекционные и практические занятия. В рамках практических задач студенты осваивают установку, настройку, конфигурирование и сопровождение двух разновидностей наиболее популярных серверных ОС: Windows и Linux. В ходе изучения данного курса студенты получат знания по установка и настройка серверного ПО, а также развертыванию различных сервисов необходимых для подключения и взаимодействия клиента и сервера.</p>',
        4, 31, '2022-11-15 00:05:19', '2022-12-04 20:17:34', NULL),
       (155, 'Численные методы',
        '<p><span style="color: rgb(33, 37, 41);">Дисциплина «Численные методы» входит в модуль «Математические методы для разработчиков» и относится к части образовательной программы, формируемой участниками образовательных отношений.</span></p>',
        1, 31, '2022-12-02 22:53:26', '2022-12-03 17:02:04', NULL),
       (156, 'Методы оптимизации',
        '<p><span style="color: rgb(33, 37, 41);">Изучаются приемы формализации предметных областей и построения математических оптимальных моделей.</span></p>',
        3, 31, '2022-12-02 22:56:16', '2022-12-02 22:56:16', NULL),
       (157, 'Теория кодирования',
        '<p><span style="color: rgb(33, 37, 41);">В курсе рассматриваются основы оптимального и помехоустойчивого кодирования информации</span></p>',
        3, 31, '2022-12-02 22:59:26', '2022-12-02 22:59:26', NULL),
       (158, 'Элементы теории игр',
        '<p><span style="color: rgb(33, 37, 41);">Дисциплина посвящена изучению задач управления в условиях конфликта или неопределенности.</span></p><p><br></p><p>Целью дисциплины является изложение основных идей и методов решения задач управления в условиях конфликта или неопределенности.</p><p><br></p><p>Приобретенные теоретические знания и практические навыки позволят студентам грамотно решать задачи управления в условиях конфликта или неопределенности.</p><p><br></p><p>Данный курс опирается на такие дисциплины, изученные студентами ранее, как дифференциальные уравнения, теория устойчивости, теория управления и теория оптимального управления.</p>',
        3, 31, '2022-12-02 23:01:54', '2022-12-02 23:01:54', NULL),
       (159, 'Теория принятия решений',
        '<p><span style="color: rgb(33, 37, 41);">Формирование теоретико-прикладных представлений о существующих методах и средствах поддержки принятия решений, получение навыков в решении практических задач.</span></p><p><br></p><p>Задачи дисциплины (модуля):</p><p><br></p><p>− получение знаний в области системного анализа и исследования операций применительно к задачам принятия решений;&nbsp;</p><p>− изучение различных классов задач принятия решений и исследование соответствующих математических моделей;&nbsp;</p><p>− изучение методов принятия решений;&nbsp;</p><p>− приобретение практических навыков принятия решений для управления сложными объектами и процессами различной природы.</p>',
        3, 31, '2022-12-02 23:06:16', '2022-12-02 23:06:16', NULL),
       (160, 'Компьютерная арифметика',
        '<p><strong style="color: rgb(32, 33, 36);">КОМПЬЮ́ТЕРНАЯ АРИФМЕ́ТИКА</strong><span style="color: rgb(32, 33, 36);">, технич. дисциплина, предметом исследования которой является представление чисел в ЭВМ, алгоритмы вычисления элементарных функций, арифметич. операций и др., а также реализующая их аппаратура.</span></p>',
        3, 32, '2022-12-03 00:19:45', '2022-12-03 00:19:45', NULL),
       (161, 'Основы автоматического управления',
        '<p>Основной целью автоматизации является исключение непосредственного участия человека в управлении производственными процессами и другими техническими объектами. В настоящее время автоматизация технологических процессов представляет собой одно из важнейших средств роста эффективности производства, интенсификации развития народного хозяйства. Таким образом, задача изучения дисциплины "Теория автоматического управления" состоит в освоении основных принципов построения и функционирования автоматических систем управления на базе современных математических методов и технических средств.</p>',
        3, 32, '2022-12-03 00:22:33', '2022-12-03 00:22:33', NULL),
       (162, 'Системный анализ',
        '<p><span style="color: rgb(33, 37, 41);">Данный курс предназначен для освоения общей теории систем, методологий системного анализа, для формирования системного подхода при моделировании и создании информационных систем, в управлении сложными системами, в принятии решений в профессиональной деятельности.</span></p>',
        3, 32, '2022-12-03 00:25:44', '2022-12-03 00:25:44', NULL),
       (163, 'Методы оптимальных решений',
        '<p>Цель освоения дисциплины «Методы оптимальных решений»:</p><ul><li>подготовить необходимый фундамент для дальнейшего усвоения студентами ряда прикладных задач из теории управления, теории массового обслуживания и т.д.</li><li>формировать у студентов научного математического мышления, умения применять математический аппарат для исследований экономических процессов;</li><li>формирование у студентов навыков обработки данных при исследований экономических процессов;</li><li>научить студентов использовать компьютерные программы для обработки данных;</li><li>использовать оптимизационные модели и пакеты для принятия экономически целесообразных управленческих решений в различных ситуациях.</li></ul><p><br></p><p>Задачи освоения дисциплины:</p><ul><li>теоретическое освоение студентами основных положений курса «Методы оптимальных решений»;</li><li>формирование необходимого уровня математической подготовки для понимания основ методов оптимальных решений;</li><li>приобретение практических навыков решения типовых задач, способствующих усвоению основных понятий в их взаимной связи, а также задач, способствующих развитию начальных навыков научного исследования;</li><li>формирование умений решения оптимизационных задач с использованием аппарата линейной алгебры, математического анализа и теории вероятностей.</li></ul>',
        3, 32, '2022-12-03 00:28:21', '2022-12-03 00:28:21', NULL),
       (164, 'Теория управления',
        '<p>Цель курса – усвоение теоретических основ теории управления, овладение основными методами и алгоритмами решения ряда прикладных задач теории управления.</p><p><br></p><p>В результате изучения дисциплины студенты будут:</p><p>&nbsp;- знать значение и области применения методов теории управления,&nbsp;</p><p>- знать основные положения теории управления,&nbsp;</p><p>- знать принципы и методы построения моделей динамических систем управления,&nbsp;</p><p>- знать методы анализа и синтеза систем управления,&nbsp;</p><p>- иметь представление о методах анализа и синтеза систем с цифровыми управляющими устройствами,&nbsp;</p><p>- иметь представление о методах оптимального управления.</p>',
        3, 32, '2022-12-03 00:30:01', '2022-12-03 00:30:01', NULL),
       (165, 'Статистика', '<p>Описания нет</p>', 3, 32, '2022-12-03 00:31:52', '2022-12-03 00:31:52', NULL),
       (166, 'Программирование компьютерной графики', '<p>Описания нет</p>', 3, 32, '2022-12-03 00:33:49',
        '2022-12-03 00:33:49', NULL),
       (167, 'Эконометрика',
        '<p>Эконометрика — наука, изучающая количественные и качественные экономические взаимосвязи с помощью статистических и других математических методов и моделей.</p><p><br></p><p>Дисциплина «Эконометрика» посвящена изучению фундаментальных основ построения эконометрических моделей и приемов их использования для решения задач профессиональной деятельности. Преподавание дисциплины опирается на содержание курсов теории вероятностей, математической статистики и линейной алгебры, а также на навыки работы студентов с электронными таблицами Excel.</p>',
        3, 32, '2022-12-03 00:35:20', '2022-12-03 00:35:20', NULL),
       (168, 'Профессиональная этика',
        '<p>Целью освоения дисциплины «Профессиональная этика» является формирование у обучаемых комплекса знаний, умений и навыков, связанных с основами этики деятельности ИТ-специалистов различных профессий и их этическими стандартами, необходимых и достаточных для активного использования как в теоретической, так и в практической деятельности. Задачи курса: овладение обучающимися комплексом знаний об этике и профессиональной этике, привитие навыков и умений следовать в своей профессиональной деятельности этическим профессиональным стандартам.</p>',
        3, 32, '2022-12-03 00:56:46', '2022-12-03 00:56:46', NULL),
       (169, 'Основы менеджмента',
        '<p><span style="color: rgb(33, 37, 41);">В курсе изложены базовые положения менеджмента организации. Предложена оригинальная трактовка смысла и содержания менеджмента как взаимодействия руководителей и исполнителей в процессе управления организацией. Раскрыты функции менеджмента, методы и инструменты воздействия руководителей на поведение исполнителей. Проанализировано влияние внешней и внутренней среды, организационной культуры, социальной ответственности, этики поведения на взаимодействие менеджеров и исполнителей.</span></p>',
        3, 32, '2022-12-03 00:58:35', '2022-12-03 00:58:35', NULL),
       (170, 'Маркетинг в телекоммуникациях',
        '<p><span style="color: rgb(33, 37, 41);">По результатам курса студенты освоят базовые инструменты построения стратегии маркетинга, научатся планировать мероприятия для ее реализации и на основе оценки эффективности принимать правильные решения.</span></p>',
        3, 32, '2022-12-03 01:03:44', '2022-12-03 01:03:44', NULL),
       (171, 'Управление интеллектуальной собственностью',
        '<p>Предлагаемый Вашему вниманию онлайн-курс «Управление интеллектуальной собственностью» поможет Вам приобрести базовые компетенции в области интеллектуальной собственности (ИС) и эффективно решать проблемы в сфере ИС, с которыми практически сталкивается каждый из нас.</p><p><br></p><p>Особенно полезным этот курс будет для студентов технических специальностей при разработке и реализации технологических проектов. Действительно, сейчас трудно представить технологический проект, в котором так или иначе не затрагивались бы вопросы ИС. Это и вопросы патентования изобретений, взаимоотношений между авторами, между авторами и предприятием, предприятием и инвесторами, патентные конфликты и другие ситуации.</p>',
        3, 32, '2022-12-03 01:08:31', '2022-12-03 01:08:31', NULL),
       (172, 'Написание и защита ВКР', '<p>Описания нет</p>', 1, 32, '2022-12-03 17:46:24', '2022-12-03 17:46:24',
        NULL),
       (173, 'Естественнонаучное мировоззрение', '<p>Описания нет</p>', 4, 27, '2022-12-03 18:31:38',
        '2022-12-03 18:31:38', NULL),
       (174, 'Экономика инженерии', '<p>Описания нет</p>', 4, 27, '2022-12-03 18:46:09', '2022-12-03 18:46:09', NULL),
       (175, 'Прикладное программирование на TypeScript (ArtSofte, RUS, ТК)',
        '<p><span style="color: rgb(33, 37, 41);">После прохождения курса вы получите прикладные навыки разработки frontend-приложений для браузере. Курс затрагивает все аспекты разработки полноценного веб-приложения на базе популярного языка разработки TypeScript.</span></p>',
        4, 27, '2022-12-03 19:22:22', '2022-12-03 19:22:22', NULL),
       (176, 'Безопасная разработка программного обеспечения',
        '<p>На курсе познакомимся с требованиями Российского законодательства по обеспечению безопасности при разработке программного обеспечения (далее - ПО).</p><p><br></p><p>•Ознакомимся с основными стандартами и нормативными документами по безопасной разработке ПО.</p><p>•Рассмотрим методологию построения процесса безопасной разработки ПО</p><p>•Узнаем, что такое уязвимости ПО.</p><p>•Ознакомимся с инструментальными средствами контроля безопасности ПО и выявления уязвимостей.&nbsp;</p><p><br></p><p>Чему вы научитесь</p><p>✓ Формировать требования по безопасности при разработке ПО.</p><p>✓ Организовывать процессы необходимые при безопасной разработке ПО.</p><p>✓ Осуществлять статический анализ кода с применением программных инструментов выявления уязвимостей разрабатываемого ПО.</p>',
        3, 27, '2022-12-04 15:10:42', '2022-12-04 15:10:42', NULL),
       (177, 'Глубокое обучение в науках о данных',
        '<p>Курс партнера - SkillFactory.&nbsp;</p><p><br></p><p>• Введение в Deep Learning</p><p>• Основы Data Engineering</p><p>• Дополнительные главы Python и ML</p><p>• Экономическая оценка эффектов и разработка MVP</p><p>• ML в Production</p><p>• Углубленное изучение ML-разработки</p>',
        3, 33, '2022-12-04 15:36:46', '2022-12-04 15:36:46', NULL),
       (178, 'Аналитика в ИТ-продукте (ArtSofte)',
        '<p>Курс от партнера ИРИТ-РТФ ArtSoftе по аналитике в ИТ-продукте.&nbsp;</p><p><br></p><p>Данный курс позволяет лучше понять, чем занимаются те или иные специалисты при работе над продуктом, а также изучить основные кроссфункциональные компетенции.</p>',
        3, 26, '2022-12-04 15:41:24', '2022-12-04 15:41:24', NULL),
       (179, 'Анализ естественного языка',
        '<p>Математика нейронных сетей для NLP. Hard &amp; Software для решения задач NLP. Задачи и алгоритмы NLP. Нейронные сети в Production. Углубленное изучение NLP-разработки.</p>',
        1, 19, '2022-12-04 15:46:44', '2023-01-20 21:24:35', NULL),
       (180, 'Интернет-маркетинг Artsofte', '<p>Описания нет</p>', 4, 20, '2022-12-04 19:43:31', '2022-12-04 19:43:31',
        NULL),
       (181, 'Проектирование компьютерных сетей',
        '<p>В курсе подробно рассматриваются теоретические основы и практические решения по применению технологий Virtual Private Network (VPN) для обеспечения информационной безопасности, а также базовые принципы и основные подходы достижения требуемого уровня качества обслуживания (QoS) при взаимодействии компонентов распределенных корпоративных сетей.&nbsp;Завершающая часть курса знакомит слушателя с современными подходами к оптимизации взаимодействия корпоративных приложений с коммуникационными инфраструктурами и ими, такими как&nbsp;программно-определяемые сети (SDN) и сети, управляемые намерениями (Intent-based networking). Лабораторный практикум курса выполняется на реальном коммуникационном оборудовании, облачных и виртуальных лабораторных комплексах, что позволяет закрепить полученные знания у учащихся и сформировать у них навыки модельно-ориентированного управления компонентами корпоративных сетей с использованием протоколов NETCONF и RESTCONF и таких платформ сетевого управления как Ansible.&nbsp;</p>',
        4, 20, '2022-12-04 20:24:41', '2022-12-04 20:24:41', NULL),
       (182, 'Основы программирования промышленных роботов', '<p>Описания нет</p>', 4, 20, '2022-12-04 20:26:01',
        '2022-12-04 20:26:01', NULL),
       (183, 'Курс проектной разработки',
        '<p>Курс проектной разработки даёт возможность студентам испытать на себе все стадии создания ИТ-продукта. Курс предусматривает командную работу. Зачисление на курс происходит командами после выполнения тестового задания. Тестовое задание принимается от команды. В каждой команде должен быть тимлид, аналитик, разработчики (фронт, бэк или фулстеки), тестировщик, дизайнер. В команде может быть 5-6 человек. Учась на курсе, студенты используют стек технологий Python или С#.&nbsp;</p>',
        4, 34, '2022-12-04 20:27:57', '2022-12-04 20:27:57', NULL),
       (184, 'Основы моделирования объектов окружения',
        '<p>Курс рассчитан на комплексное ознакомление с процессом моделирования начиная от простейших способов описания несложных объектов окружения до создания цифровой копии в информационной среде.&nbsp;&nbsp;</p><p><br></p><p>В процессе прохождения курса студенты ознакомятся с теоретической базой системы моделирования объектов среды, получат представление о методах и вспомогательных программах для создания моделей разной степени сложности, освоят востребованные инструменты для базового уровня моделирования.&nbsp;</p><p><br></p><p>Будут рассмотрены варианты практического применения 3D моделей и цифровых двойников в профессиональной среде для VR-пространств, разработке игр и приложений, гейм-дизайна, архитектуры и т.д.</p><p><br></p><p>По прохождения курса студентам будет дано общее понимание предмета с практическим закреплением полученных знаний, результаты которых в дальнейшем могут использоваться в проектах для разработки игр, приложений и других цифровых решениях.</p>',
        4, 34, '2022-12-04 20:29:21', '2022-12-04 20:29:21', NULL),
       (185, 'Виртуальная и дополненная реальность',
        '<p>Цель дисциплины: изучение подходов к реализации интерактивных приложений с элементами дополненной реальности и приложений виртуальной реальности, изучаются особенности реализации механик, передвижения пользователя, взаимодействия с предметами в играх и интерактивных приложениях с виртуальной и дополненной реальностью.</p><p><br></p><p>	Задачи дисциплины:</p><p><br></p><ol><li>Изучить принципы работы с устройствами виртуальной реальности.</li><li>Освоить способы подключения устройств виртуальной реальности к среде разработки.</li><li>Научиться реализовывать передвижение пользователя в приложениях виртуальной реальности.</li><li>Освоить принципы реализации взаимодействие пользователя с интерактивными объектами в VR-пространстве с использованием манипуляторов.</li><li>Научиться создавать интерактивные сценарии в приложениях виртуальной реальности.</li><li>Научиться реализовывать обратную связь в приложениях виртуальной реальности.</li></ol>',
        4, 34, '2022-12-04 20:31:16', '2022-12-04 20:31:16', NULL),
       (186, 'Многопоточное программирование на С/С++',
        '<p>В курсе принцип многопоточного программирования рассматривается в контексте разработки сетевых и высоконагруженных систем. Ядром курса является обучение межпроцессному взаимодействию (IPC) и синхронизации потоков. Пройдя курс, вы сможете разработать собственный веб-сервер, который позволит отработать полученные навыки.</p><p><br></p><p>Курс состоит из семи двухнедельных учебных модулей:</p><p><br></p><ul><li>Контейнеры. Умные указатели. Аллокаторы.</li><li>Сокеты Беркли. Мультиплексирование.</li><li>Асинхронная работа с сетью.</li><li>Процессы. Каналы. Сигналы.</li><li>Очереди сообщений. Семафоры. Общая память.</li><li>Потоки. Средства синхронизации.</li><li>Параллельное программирование.</li></ul>',
        4, 34, '2022-12-04 20:33:20', '2022-12-04 20:33:20', NULL),
       (187, 'UX/UI дизайн',
        '<p>UX/UI-дизайнер — специалист, который создаёт пользовательский интерфейс. Он разрабатывает внешний облик сайтов и мобильных приложений, проектирует пользовательский опыт, проводит исследования и анализирует целевую аудиторию. Его задача — облегчить взаимодействие пользователя с цифровыми продуктами в интернете.</p><p><br></p>',
        4, 34, '2022-12-04 20:37:53', '2022-12-04 20:37:53', NULL),
       (188, 'Графический дизайн. Ч.1.', '<p>Описания нет</p>', 4, 34, '2022-12-04 20:39:19', '2022-12-04 20:39:19',
        NULL),
       (189, 'Тест-дизайн',
        '<p>Освойте одну из самых востребованных профессий в России и заграницей.</p><p><br></p><p>Вы научитесь:</p><p><br></p><ul><li>Методологии разработки ПО</li><li>Тест-дизайн и тест-анализ</li><li>Чек-лист и тест-план</li><li>Требования и работа с задачами</li><li>Системы баг-трекинга</li><li>Консоль браузера и UI-элементы на странице</li><li>Кроссбраузерное тестирование</li><li>Тестирование API с помощью Postman</li><li>Тестирование баз данных</li><li>Основы тестирования мобильных приложений</li></ul>',
        4, 34, '2022-12-04 20:43:17', '2022-12-04 20:43:17', NULL),
       (190, 'Data science', '<p>Описания нет</p>', 4, 34, '2022-12-04 20:47:39', '2022-12-04 20:47:39', NULL),
       (191, 'Основы теории сигналов',
        '<p>Дисциплина «Основы теории сигналов» ориентирована на изучение студентами основ теории сигналов применительно к системам автоматического и автоматизированного управления. Рассматриваются математические методы описания и представления сигналов и систем. Особое внимание уделяется дискретным сигналам, которые функционируют в современных системах, использующих цифровые контроллеры.</p>',
        4, 34, '2022-12-04 20:52:32', '2022-12-04 20:52:32', NULL),
       (192, 'Базовая архитектура программного обеспечения',
        '<p>Архитектура – это то, как устроены программные компоненты: подпрограммы, классы, функции и взаимодействие между ними и т.д. В этом курсе вы изучите способы представления этих архитектур как в UML, так и в других визуальных инструментах. Мы представим наиболее распространенные архитектуры, их качества и компромиссы. Мы поговорим о том, как оценивать архитектуры, что делает архитектуру хорошей и какую архитектуру можно улучшить и как. Мы также поговорим о том, как архитектура влияет на процесс разработки программного обеспечения.</p><p><br></p><p>Проходя данный курс, слушатели задокументируют приложение Android на основе Java с помощью диаграмм UML и проанализируют, оценят архитектуру приложения с помощью метода анализа компромиссов архитектуры (ATAM).</p>',
        4, 34, '2022-12-04 20:55:27', '2022-12-04 20:55:27', NULL);


-- Adminer 4.8.1 PostgreSQL 10.3 (Debian 10.3-1.pgdg90+1) dump

INSERT INTO "employees" ("id", "full_name", "email", "phone_number", "address", "audience", "additional_information",
                         "photo_id", "position_id", "user_id", "created_at", "updated_at", "deleted_at", "vk_profile")
VALUES (2, 'Садова Алена', 'a.a.sadova@urfu.ru', NULL, 'ул. Мира, 32', 'Р-138а', 'ИнФО, Программная инженерия', 105, 2,
        1, '2023-01-04 17:38:16', '2023-01-15 19:33:54', NULL, 'https://vk.com/sadova_a_a'),
       (1, 'Обабков Илья Николаевич', 'i.n.obabkov@urfu.ru', '+7 (343) 375-97-00', 'ул. Мира, 32', 'Р-332',
        'Прикладная информатика, Программная инженерия', 104, 1, 3, '2023-01-04 17:35:12', '2023-01-04 17:42:46', NULL,
        NULL),
       (3, 'Базаров Георгий', 'gdbazarov@urfu.ru', NULL, 'ул. Мира, 32', 'Р-138а',
        'Информатика и вычислительная техника, Программная инженерия', 106, 2, 3, '2023-01-04 17:45:00',
        '2023-01-04 17:45:00', NULL, NULL),
       (4, 'Валиева Эльмира', 'e.r.valieva@urfu.ru', NULL, 'ул. Мира, 32', 'Р-138а',
        'Радиотехника, Инфокоммуникационные технологии и системы связи, Управление в технических системах, Технология полиграфического и упаковочного производства, Конструирование и технология электронных средств',
        107, 2, 3, '2023-01-04 17:46:35', '2023-01-04 17:46:35', NULL, NULL),
       (5, 'Колмогорцева Ирина', 'i.s.kolmogortseva@urfu.ru', NULL, 'ул. Мира, 32', 'Р-138а', 'Программная инженерия',
        108, 2, 3, '2023-01-04 17:48:10', '2023-01-04 17:48:10', NULL, NULL),
       (6, 'Хрушков Артем', 'ae.khrushkov@urfu.ru', NULL, 'ул. Мира, 32', 'Р-138а', 'Прикладная информатика', 109, 2, 3,
        '2023-01-04 17:49:34', '2023-01-04 17:49:34', NULL, NULL),
       (7, 'Венедиктова Софья Михайловна', 's.m.tokareva@urfu.ru', NULL, 'ул. Мира, 32', 'Р-217а',
        'Информационная безопасность', 110, 2, 3, '2023-01-04 17:51:47', '2023-01-04 17:51:47', NULL, NULL),
       (9, 'Цветков Александр Владимирович', 'a.v.tsvetkov@urfu.ru', NULL, 'ул. Мира, 32', 'Р-343',
        'Управление в технических системах', 112, 1, 3, '2023-01-04 17:55:25', '2023-01-04 17:55:25', NULL, NULL),
       (8, 'Спиричева Наталья Рахматулловна', 'nr.spiricheva@urfu.ru', '+7 (343) 375-41-45', 'ул. Мира, 32', 'Р-246',
        'Информатика и вычислительная техника', 111, 1, 3, '2023-01-04 17:53:38', '2023-01-04 17:55:33', NULL, NULL),
       (10, 'Тягунов Андрей Геннадьевич', 'AG.Tyagunov@urfu.ru', NULL, 'ул. Мира, 32', NULL,
        'Технология полиграфического и упаковочного производства', 113, 1, 3, '2023-01-04 17:58:09',
        '2023-01-04 17:58:09', NULL, NULL),
       (11, 'Корнилов Илья Николаевич', 'i.n.kornilov@urfu.ru', NULL, 'ул. Мира, 32', 'Р-314',
        'Конструирование и технология электронных средств', 114, 1, 3, '2023-01-04 18:04:33', '2023-01-04 18:04:33',
        NULL, NULL),
       (12, 'Саблина Наталья Григорьевна', 'n.g.sablina@urfu.ru', '+7 (343) 375-48-97', 'ул. Мира, 32', 'Р-229',
        'Инфокоммуникационные технологии и системы связи', 115, 1, 3, '2023-01-04 18:06:55', '2023-01-04 18:06:55',
        NULL, NULL),
       (13, 'Мительман Юрий Евгеньевич', 'y.e.mitelman@urfu.ru', '+7 (343) 375-48-86', 'ул. Мира, 32', 'Р-313',
        'Радиотехника', 116, 1, 3, '2023-01-04 18:08:17', '2023-01-04 18:08:17', NULL, NULL),
       (14, 'Поршнев Сергей Владимирович', 's.v.porshnev@urfu.ru', '+7 (343) 375-95-57', 'ул. Мира, 32', 'Р-436',
        'Информационная безопасность', 117, 1, 3, '2023-01-04 18:11:34', '2023-01-04 18:11:34', NULL, NULL);

-- 2023-03-08 09:53:24.050852+00


-- -------------------------------------------------------------
-- TablePlus 4.8.8(450)
--
-- https://tableplus.com/
--
-- Database: c65638_api_iot_nik_web_ru
-- Generation Time: 2023-03-25 11:55:46.1010
-- -------------------------------------------------------------


INSERT INTO "public"."partners" ("id", "title", "site_link", "logo_id", "user_id", "created_at", "updated_at",
                                 "deleted_at")
VALUES (1, 'Тинькофф', NULL, 79, 1, '2022-10-30 13:06:28', '2022-12-29 17:32:31', NULL),
       (2, 'Artsofte Digital', NULL, 81, 1, '2022-11-28 20:58:12', '2022-12-29 17:33:11', NULL),
       (3, 'СКБ ЛАБ', NULL, 82, 1, '2022-11-28 21:10:11', '2022-12-29 17:35:03', NULL),
       (4, 'Альфа-банк', NULL, 83, 1, '2022-11-28 21:12:41', '2022-12-29 17:35:47', NULL),
       (5, 'СПБГУ', NULL, 84, 1, '2022-12-01 09:30:06', '2022-12-29 17:36:24', NULL),
       (6, 'СПБПУ', NULL, 85, 1, '2022-12-02 20:00:29', '2022-12-29 17:37:35', NULL),
       (7, 'СКБ-Контур', NULL, 87, 1, '2022-12-02 20:10:01', '2022-12-29 17:38:59', NULL),
       (8, 'ВШЭ', NULL, 88, 1, '2022-12-02 20:12:16', '2022-12-29 17:39:43', NULL),
       (9, 'ИТМО', NULL, 121, 1, '2022-12-02 20:12:40', '2023-01-21 21:50:40', NULL),
       (10, 'HTML Academy', NULL, 94, 1, '2022-12-02 21:00:01', '2022-12-29 17:42:15', NULL),
       (11, 'SkillBox', NULL, NULL, 1, '2022-12-02 21:02:48', '2022-12-29 17:42:48', NULL),
       (12, 'SkillFactory', NULL, 96, 1, '2022-12-02 21:03:30', '2022-12-29 17:43:19', NULL),
       (13, 'SoftMediaLab', NULL, 97, 1, '2022-12-02 22:41:19', '2022-12-29 17:44:00', NULL),
       (14, 'К Телеком', NULL, 98, 1, '2022-12-03 01:03:14', '2022-12-29 17:44:41', NULL),
       (15, 'Тензор', NULL, 99, 1, '2022-12-03 17:15:34', '2022-12-29 17:45:20', NULL),
       (16, 'Naumen', NULL, 100, 1, '2022-12-03 17:18:11', '2022-12-29 17:45:58', NULL),
       (17, 'УЦСБ', NULL, 101, 1, '2022-12-03 17:29:20', '2022-12-29 17:46:34', NULL),
       (18, 'Банк России', NULL, 102, 1, '2022-12-03 17:32:21', '2022-12-29 17:49:28', NULL),
       (19, 'Ростелеком', NULL, 103, 1, '2022-12-04 15:39:43', '2022-12-29 17:50:14', NULL);

INSERT INTO "public"."courses" ("id", "title", "description", "seat_limit", "video_id", "presentation_id", "partner_id",
                                "realization_id", "user_id", "created_at", "updated_at", "deleted_at")
VALUES (1, 'Прикладная физическая культура', '<p>Описания нет</p>', 0, NULL, NULL, NULL, 1, 3, '2022-11-10 19:30:42',
        '2022-11-10 19:30:42', NULL),
       (2, 'Иностранный язык', '<p>Описания нет</p>', 0, NULL, NULL, NULL, 1, 3, '2022-11-10 19:32:10',
        '2022-11-10 19:32:39', NULL),
       (3, 'История России (онлайн, СПБГУ,ОК)', '<p>Описания нет</p>', 426, NULL, NULL, 5, 3, 1, '2022-11-10 19:36:14',
        '2022-12-01 09:35:58', NULL),
       (4, 'Виртуализация и облачные технологии (ИРИТ-РТФ, RUS, ТК)', '<p>Описания нет</p>', 500, NULL, NULL, NULL, 1,
        1, '2022-11-14 22:56:39', '2022-12-03 16:58:45', NULL),
       (5, 'Моделирование систем', '<p>Описания нет</p>', 200, NULL, NULL, NULL, 1, 1, '2022-11-14 22:56:59',
        '2022-11-14 22:56:59', NULL),
       (6, 'Моделирование систем (Онлайн, Stepic, ОК)', '<p>Описания нет</p>', 500, NULL, NULL, NULL, 3, 1,
        '2022-11-14 22:57:11', '2022-11-14 22:57:11', NULL),
       (7, 'Постановка задачи на разработку ПО', '<p>Описания нет</p>', 100, NULL, NULL, NULL, 3, 1,
        '2022-11-14 22:57:35', '2022-11-14 22:57:35', NULL),
       (8, 'Проектирование и реализация баз данных', '<p>Описания нет</p>', 200, NULL, NULL, NULL, 3, 1,
        '2022-11-14 22:57:59', '2022-12-03 17:03:49', NULL),
       (9, 'Автоматизация тестирования с помощью Selenium и Python', '<p>Описания нет</p>', 100, NULL, NULL, NULL, 3, 1,
        '2022-11-14 22:58:15', '2022-12-03 17:04:36', NULL),
       (10, 'Углубленное программирование на C/C++', '<p>Описания нет</p>', 100, NULL, NULL, NULL, 3, 1,
        '2022-11-14 22:58:24', '2022-12-03 17:04:51', NULL),
       (11, 'Корпоративные информационные системы (Онлайн, HSE, RUS, ОК)', '<p>Описания нет</p>', 100, NULL, NULL, NULL,
        3, 1, '2022-11-14 22:58:40', '2022-11-14 22:58:40', NULL),
       (12, 'Разработка Android-приложений для мобильных устройств (Онлайн, RUS)',
        '<p><span style="color: rgb(51, 51, 51);">Курс предназначен для тех, кто не имеет опыта работы в разработке мобильных приложений в Android Studio, и посвящен изучению современных способов разработки мобильных приложений для операционной системы Android. У Вас есть шанс научиться разрабатывать мобильные приложения с первого занятия. Запускать приложение на своем телефоне или на виртуальном эмуляторе. Сделайте шаг в мир мобильной разработки!</span></p>',
        100, NULL, NULL, NULL, 3, 3, '2022-11-14 22:58:56', '2022-12-04 15:43:49', NULL),
       (13, 'Разработка современных мобильных приложений на языке Kotlin (Онлайн, OpenEdu, RUS)', '<p>Описания нет</p>',
        100, NULL, NULL, NULL, 3, 1, '2022-11-14 22:59:37', '2022-11-14 22:59:37', NULL),
       (14, 'Программирование и разработка веб-приложений (Онлайн, OpenEdu, RUS)', '<p>Описания нет</p>', 100, NULL,
        NULL, NULL, 3, 1, '2022-11-14 22:59:57', '2022-11-14 22:59:57', NULL),
       (15, 'Нейронные сети и компьютерное зрение', '<p>Описания нет</p>', 100, NULL, NULL, NULL, 3, 1,
        '2022-11-14 23:00:14', '2022-12-03 17:05:14', NULL),
       (16, 'Нейронные сети и обработка текста', '<p>Описания нет</p>', 100, NULL, NULL, NULL, 3, 1,
        '2022-11-14 23:00:27', '2022-12-03 17:05:28', NULL),
       (17, 'Разработка мобильных приложений под Android (Тензор, RUS, ТK)', '<p>Описания нет</p>', 100, NULL, NULL, 15,
        2, 1, '2022-11-14 23:00:41', '2022-12-03 17:15:58', NULL),
       (18, 'Системы искусственного интеллекта', '<p>Описания нет</p>', 100, NULL, NULL, NULL, 2, 1,
        '2022-11-14 23:01:00', '2022-11-14 23:01:00', NULL),
       (19, 'Разработка Web-приложений на ReactJS (RUS, ТK)', '<p>Описания нет</p>', 100, NULL, NULL, NULL, 2, 1,
        '2022-11-14 23:01:21', '2022-11-14 23:01:21', NULL),
       (20, 'Эффективное программирование на Scala (Naumen, RUS, ТK)', '<p>Описания нет</p>', 100, NULL, NULL, 16, 1, 1,
        '2022-11-14 23:01:38', '2022-12-03 17:18:17', NULL),
       (21, 'Промышленная разработка на Java (Naumen, RUS, ТK)', '<p>Описания нет</p>', 100, NULL, NULL, 16, 2, 1,
        '2022-11-14 23:01:55', '2022-12-03 17:19:45', NULL),
       (22, 'Интерфейсы ПО', '<p>Описания нет</p>', 100, NULL, NULL, NULL, 2, 1, '2022-11-14 23:02:07',
        '2022-11-14 23:02:07', NULL),
       (23, 'Корпоративные информационные системы (1С)', '<p>Описания нет</p>', 100, NULL, NULL, NULL, 2, 1,
        '2022-11-14 23:02:25', '2022-11-14 23:02:25', NULL),
       (24, 'Программирование микроконтроллеров AVR ATMega (ИРИТ-РТФ, RUS, ТK)', '<p>Описания нет</p>', 100, NULL, NULL,
        NULL, 2, 1, '2022-11-14 23:03:01', '2022-11-14 23:03:01', NULL),
       (25, 'Проектирование игр на Unity (ИРИТ-РТФ, RUS, ТK)', '<p>Описания нет</p>', 100, NULL, NULL, NULL, 1, 1,
        '2022-11-14 23:03:11', '2022-11-14 23:03:11', NULL),
       (26, 'Поисковая оптимизация (SEO) (ArtSofte, RUS, ТК)', '<p>Описания нет</p>', 100, NULL, NULL, 2, 2, 1,
        '2022-11-14 23:03:24', '2022-12-03 17:24:14', NULL),
       (27, 'Frontend-разработка (Тензор, RUS, ТK)', '<p>Описания нет</p>', 100, NULL, NULL, 15, 1, 1,
        '2022-11-14 23:03:35', '2022-12-03 17:26:10', NULL),
       (28, 'Промышленная база данных Pangolin', '<p>Описания нет</p>', 100, NULL, NULL, NULL, 2, 1,
        '2022-11-14 23:03:52', '2022-11-14 23:03:52', NULL),
       (29, 'Введению в аналитику информационных систем (Artsofte)', '<p>Описания нет</p>', 30, NULL, NULL, NULL, 2, 1,
        '2022-11-14 23:04:20', '2022-11-14 23:04:20', NULL),
       (30, 'UX/UI дизайн (УЦСБ, RUS, ТK)', '<p>Описания нет</p>', 100, NULL, NULL, 17, 1, 1, '2022-11-14 23:04:29',
        '2022-12-03 17:29:46', NULL),
       (31, 'Администрирование в ОС Astra Linux', '<p>Описания нет</p>', 100, NULL, NULL, NULL, 1, 1,
        '2022-11-14 23:05:07', '2022-11-14 23:05:07', NULL),
       (32, 'Администрирование в ОС Windows', '<p>Описания нет</p>', 100, NULL, NULL, NULL, 1, 1, '2022-11-14 23:05:25',
        '2022-11-14 23:05:25', NULL),
       (33, 'Разработка документации в IT-проектах (Банк России)', '<p>Описания нет</p>', 100, NULL, NULL, 18, 1, 1,
        '2022-11-14 23:05:52', '2022-12-03 17:32:35', NULL),
       (34, 'UX/UI дизайн (2)', '<p>Описания нет</p>', 100, NULL, NULL, NULL, 2, 1, '2022-11-14 23:06:03',
        '2022-11-14 23:06:03', NULL),
       (35, 'Fullstack-разработка на Next.JS (2)',
        '<p><span style="color: rgb(33, 37, 41);">Курс предполагает изучение фреймворка Next.js (основан на React) через практическую разработку веб-сервиса. К началу курса важно иметь базовые представления об HTML, CSS и знать основные констрации языка JavaScript. Дисциплина реализуется в двух семестрах, последовательно. Первая часть посвящена практическим навыкам разработки отдельных веб-элементов, адаптивной верстке и навигации между страницами. Вторая часть курса погружает в аспекты взаимодействия с базами данных, другими фреймворками и развертыванию полноценного веб-сервиса.</span></p>',
        100, NULL, NULL, NULL, 2, 3, '2022-11-14 23:06:13', '2022-12-04 15:35:10', NULL),
       (36, 'Непрерывная интеграция (ИРИТ-РТФ, RUS, ТК)', '<p>Описания нет</p>', 100, NULL, NULL, NULL, 2, 1,
        '2022-11-14 23:06:23', '2022-11-14 23:06:23', NULL),
       (37, 'Анализ данных c помощью нейронных сетей (ИРИТ-РТФ, RUS, ТК)', '<p>Описания нет</p>', 100, NULL, NULL, NULL,
        1, 1, '2022-11-14 23:06:32', '2022-11-14 23:06:32', NULL),
       (38, 'Аналитика и системная интеграция в банковской деятельности (Альфа-банк, RUS, ТK)', '<p>Описания нет</p>',
        100, NULL, NULL, 4, 2, 1, '2022-11-14 23:06:45', '2022-12-03 17:35:26', NULL),
       (39, 'Сопровождение проектов (ArtSofte, RUS, ТK)', '<p>Описания нет</p>', 100, NULL, NULL, 2, 3, 1,
        '2022-11-14 23:07:25', '2022-12-03 17:36:06', NULL),
       (40, 'Программирование промышленных роботов по отраслям', '<p>Описания нет</p>', 100, NULL, NULL, NULL, 2, 1,
        '2022-11-14 23:08:31', '2022-11-14 23:08:31', NULL),
       (41, 'Документирование программных систем', '<p>Описания нет</p>', 100, NULL, NULL, NULL, 1, 1,
        '2022-11-14 23:08:53', '2022-11-14 23:08:53', NULL),
       (42, 'Физика. Базовый уровень.', '<p>Описания нет</p>', 100, NULL, NULL, NULL, 1, 1, '2022-12-01 09:25:16',
        '2022-12-01 09:25:16', NULL),
       (43, 'Физика. Повышенный уровень.', '<p>Описания нет</p>', 100, NULL, NULL, NULL, 1, 1, '2022-12-01 09:25:48',
        '2022-12-01 09:25:48', NULL),
       (44, 'История: 5 подходов к историческому развитию (онлайн, УрФУ, ОК)', '<p>Описания нет</p>', 479, NULL, NULL,
        NULL, 3, 2, '2022-12-02 19:13:55', '2022-12-02 19:13:55', NULL),
       (46, 'История (онлайн, УрФУ, ОК)', '<p>Описания нет</p>', 475, NULL, NULL, NULL, 3, 2, '2022-12-02 19:17:49',
        '2022-12-02 19:17:49', NULL),
       (47, 'История: "Наука, технологии и общество в истории"', '<p>Описания нет</p>', 200, NULL, NULL, NULL, 3, 2,
        '2022-12-02 19:22:01', '2022-12-02 19:22:01', NULL),
       (48, 'История: "Россия и мир"', '<p>Описания нет</p>', 225, NULL, NULL, NULL, 3, 2, '2022-12-02 19:22:39',
        '2022-12-02 19:22:39', NULL),
       (49, 'История: "Глобальные проблемы современности в истории"', '<p>Описания нет</p>', 100, NULL, NULL, NULL, 3,
        2, '2022-12-02 19:23:43', '2022-12-02 19:23:43', NULL),
       (50, 'Математика. Базовый уровень.', '<p>Описания нет</p>', 1036, NULL, NULL, NULL, 1, 2, '2022-12-02 19:34:27',
        '2022-12-02 19:34:27', NULL),
       (51, 'Математика. Повышенный уровень.', '<p>Описания нет</p>', 180, NULL, NULL, NULL, 1, 2,
        '2022-12-02 19:34:55', '2022-12-02 19:34:55', NULL),
       (52, 'Основы проектной деятельности.', '<p>Описания нет</p>', 680, NULL, NULL, 6, 2, 2, '2022-12-02 20:00:50',
        '2022-12-02 20:02:24', NULL),
       (53, 'Основы проектной деятельности (УрФУ)', '<p>Описания нет</p>', 716, NULL, NULL, NULL, 2, 2,
        '2022-12-02 20:02:09', '2022-12-02 20:02:09', NULL),
       (56, 'Информационные технологии и сервисы (онлайн, ВШЭ, ОК)', '<p>Описания нет</p>', 300, NULL, NULL, 8, 3, 2,
        '2022-12-02 20:13:45', '2022-12-02 20:13:45', NULL),
       (57, 'Информационные технологии и сервисы (онлайн, ИТМО, ОК)', '<p>Описания нет</p>', 381, NULL, NULL, 9, 3, 2,
        '2022-12-02 20:14:16', '2022-12-02 20:14:16', NULL),
       (58, 'Информационные технологии и сервисы (онлайн, УрФУ, ОК)', '<p>Описания нет</p>', 620, NULL, NULL, NULL, 3,
        2, '2022-12-02 20:14:57', '2022-12-02 20:14:57', NULL),
       (59, 'Информационные технологии и сервисы. Мастерская ОБЪЕКТНОЕ МОДЕЛИРОВАНИЕ', '<p>Описания нет</p>', 210, NULL,
        NULL, NULL, 2, 2, '2022-12-02 20:15:43', '2022-12-02 20:20:11', NULL),
       (60, 'Информационные технологии и сервисы. Мастерская СЕТЕВЫЕ ТЕХНОЛОГИИ И ИНТЕЛЛЕКТУАЛЬНЫЕ СЕРВИСЫ',
        '<p>Описания нет</p>', 75, NULL, NULL, NULL, 2, 2, '2022-12-02 20:16:24', '2022-12-02 20:19:58', NULL),
       (61, 'Информационные технологии и сервисы. Мастерская ЭЛЕКТРОННЫЙ ДОКУМЕНТООБОРОТ ПРОЕКТНОЙ ДЕЯТЕЛЬНОСТИ',
        '<p>Описания нет</p>', 270, NULL, NULL, NULL, 2, 2, '2022-12-02 20:17:02', '2022-12-02 20:19:48', NULL),
       (62, 'Информационные технологии и сервисы. Мастерская 2D И 3D МОДЕЛИРОВАНИЕ ДЛЯ ИНЖЕНЕРОВ',
        '<p>Описания нет</p>', 60, NULL, NULL, NULL, 2, 2, '2022-12-02 20:17:42', '2022-12-02 20:19:34', NULL),
       (63, 'Безопасность жизнедеятельности (Смешанное, УрФУ)', '<p>Описания нет</p>', 100, NULL, NULL, NULL, 2, 2,
        '2022-12-02 20:28:05', '2022-12-02 20:28:05', NULL),
       (64, 'Безопасность жизнедеятельности (онлайн, УрФУ)', '<p>Описания нет</p>', 100, NULL, NULL, NULL, 3, 2,
        '2022-12-02 20:28:35', '2022-12-02 20:28:35', NULL),
       (65, 'Философия (онлайн, УрФУ)', '<p>Описания нет</p>', 100, NULL, NULL, NULL, 3, 2, '2022-12-02 20:32:36',
        '2022-12-02 20:32:36', NULL),
       (66, 'Философия', '<p>Описания нет</p>', 100, NULL, NULL, 6, 3, 2, '2022-12-02 20:33:10', '2022-12-02 20:33:10',
        NULL),
       (67, 'Дискретная математика и математическая логика', '<p>Описания нет</p>', 0, NULL, NULL, NULL, 1, 4,
        '2022-12-02 20:39:36', '2022-12-02 20:39:51', NULL),
       (68, 'Введение в инженерную деятельность', '<p>Описания нет</p>', 1, NULL, NULL, NULL, 2, 2,
        '2022-12-02 20:39:46', '2022-12-02 20:39:46', NULL),
       (70, 'Архитектура ЭВМ', '<p><br></p>', 300, NULL, NULL, NULL, 1, 4, '2022-12-02 20:42:21', '2022-12-02 20:45:41',
        NULL),
       (71, 'Проектный практикум', '<p>Описания нет</p>', 1, NULL, NULL, NULL, 1, 2, '2022-12-02 20:44:24',
        '2022-12-02 20:44:24', NULL),
       (72, 'Введение в архитектуру ЭВМ. Элементы операционных систем. (Онлайн, Stepic, ОК)', '<p><br></p>', 100, NULL,
        NULL, NULL, 2, 4, '2022-12-02 20:44:36', '2022-12-02 20:46:23', NULL),
       (73, 'Векторный анализ', '<p>Описания нет</p>', 1, NULL, NULL, NULL, 1, 2, '2022-12-02 20:45:21',
        '2022-12-02 20:45:21', NULL),
       (74, 'Дополнительные главы математики', '<p>Описания нет</p>', 1, NULL, NULL, NULL, 1, 2, '2022-12-02 20:46:21',
        '2022-12-02 20:46:21', NULL),
       (75, 'Введение в профессиональную деятельность', '<p>Описания нет</p>', 1, NULL, NULL, NULL, 2, 2,
        '2022-12-02 20:48:36', '2022-12-02 20:48:36', NULL),
       (76, 'Теория вероятностей и математическая статистика', '<p>Описания нет</p>', 1, NULL, NULL, NULL, 1, 2,
        '2022-12-02 20:49:31', '2022-12-02 20:49:31', NULL),
       (77, 'Эффективные коммуникации (традиционная форма)', '<p>Описания нет</p>', 1, NULL, NULL, NULL, 1, 2,
        '2022-12-02 20:52:44', '2022-12-02 20:52:44', NULL),
       (78, 'Эффективные коммуникации (смешанный формат)', '<p>Описания нет</p>', 1, NULL, NULL, NULL, 2, 2,
        '2022-12-02 20:53:19', '2022-12-02 20:53:19', NULL),
       (79, 'Эффективные коммуникации (онлайн формат)', '<p>Описания нет</p>', 1, NULL, NULL, NULL, 3, 2,
        '2022-12-02 20:53:40', '2022-12-02 20:53:40', NULL),
       (83, 'Web-технологии (HTML Academy)', '<p>Описания нет</p>', 1, NULL, NULL, 10, 3, 2, '2022-12-02 21:00:50',
        '2022-12-02 21:00:50', NULL),
       (84, 'Веб-технологии и верстка (SkillBox)', '<p>Описания нет</p>', 1, NULL, NULL, 11, 2, 2,
        '2022-12-02 21:04:12', '2022-12-02 21:05:13', NULL),
       (85, 'Веб-технологии и верстка (SkillFactory)', '<p>Описания нет</p>', 1, NULL, NULL, 12, 3, 2,
        '2022-12-02 21:04:56', '2022-12-02 21:04:56', NULL),
       (86, 'Базы данных (традиционный курс)', '<p>Описания нет</p>', 1, NULL, NULL, NULL, 1, 2, '2022-12-02 21:16:39',
        '2022-12-02 21:16:39', NULL),
       (87, 'Базы данных (Онлайн, СПбПУ)', '<p>Описания нет</p>', 1, NULL, NULL, 6, 3, 2, '2022-12-02 21:17:13',
        '2022-12-02 21:17:13', NULL),
       (88, 'Проектирование и реализация баз данных (Онлайн, ИТМО)', '<p>Описания нет</p>', 1, NULL, NULL, 9, 3, 1,
        '2022-12-02 21:17:38', '2022-12-03 17:04:09', NULL),
       (89, 'Технологии программирования', '<p>Описания нет</p>', 1, NULL, NULL, NULL, 2, 2, '2022-12-02 21:28:27',
        '2022-12-02 21:28:27', NULL),
       (90, 'Технологии программирования на Python (Skillbox)', '<p>Описания нет</p>', 1, NULL, NULL, 11, 2, 2,
        '2022-12-02 21:28:51', '2022-12-02 21:28:51', NULL),
       (91, 'Программирование на Java (смешанный курс)', '<p>Описания нет</p>', 1, NULL, NULL, NULL, 2, 2,
        '2022-12-02 21:32:21', '2022-12-02 21:32:21', NULL),
       (92, 'Программирование на Java (онлайн курс)', '<p>Описания нет</p>', 1, NULL, NULL, NULL, 3, 2,
        '2022-12-02 21:32:40', '2022-12-02 21:32:40', NULL),
       (93, 'Профессия Java-разработчик (SkillFactory)', '<p>Описания нет</p>', 1, NULL, NULL, 12, 3, 2,
        '2022-12-02 21:33:19', '2022-12-02 21:33:19', NULL),
       (94, 'Программирование на TypeScript (ArtSofte)', '<p>Описания нет</p>', 1, NULL, NULL, 2, 2, 2,
        '2022-12-02 21:34:27', '2022-12-02 21:34:27', NULL),
       (95, 'Программирование на TypeScript (SkillBox)', '<p>Описания нет</p>', 1, NULL, NULL, 11, 3, 2,
        '2022-12-02 21:35:05', '2022-12-02 21:35:05', NULL),
       (96, 'Программирование на JavaScript (SkillBox)', '<p>Описания нет</p>', 1, NULL, NULL, 11, 2, 2,
        '2022-12-02 21:36:49', '2022-12-02 21:36:49', NULL),
       (97, 'JavaScript. Разработка веб-интерфейсов (HTML-академия)', '<p>Описания нет</p>', 1, NULL, NULL, 10, 3, 2,
        '2022-12-02 21:37:21', '2022-12-02 21:37:21', NULL),
       (98, 'Разработка на JavaScript (SkillFactory)', '<p>Описания нет</p>', 1, NULL, NULL, 12, 3, 2,
        '2022-12-02 21:38:47', '2022-12-02 21:38:47', NULL),
       (99, 'Основы веб-разработки JavaScript', '<p>Описания нет</p>', 1, NULL, NULL, NULL, 2, 2, '2022-12-02 21:39:13',
        '2022-12-02 21:39:13', NULL),
       (100, 'Язык программирования PHP (ArtSofte)', '<p>Описания нет</p>', 1, NULL, NULL, 2, 1, 2,
        '2022-12-02 21:41:15', '2022-12-02 21:41:15', NULL),
       (101, 'Программирование на PHP', '<p>Описания нет</p>', 1, NULL, NULL, NULL, 1, 2, '2022-12-02 21:41:33',
        '2022-12-02 21:41:33', NULL),
       (102, 'Программирование на С/С++', '<p>Описания нет</p>', 1, NULL, NULL, NULL, 1, 2, '2022-12-02 21:43:19',
        '2022-12-02 21:43:19', NULL),
       (103, 'Разработка приложений на ASP.NET Core (ArtSofte)', '<p>Описания нет</p>', 1, NULL, NULL, 2, 1, 2,
        '2022-12-02 21:43:47', '2022-12-02 21:43:47', NULL),
       (104, 'Проектирование информационных систем', '<p>Описания нет</p>', 1, NULL, NULL, NULL, 1, 3,
        '2022-12-02 22:28:21', '2022-12-02 22:28:21', NULL),
       (105, 'Теория и практика программной инженерии', '<p>Описания нет</p>', 1, NULL, NULL, NULL, 1, 3,
        '2022-12-02 22:31:21', '2022-12-02 22:31:21', NULL),
       (106, 'Управление проектами и продуктами в ИТ', '<p>Описания нет</p>', 1, NULL, NULL, NULL, 1, 3,
        '2022-12-02 22:35:40', '2022-12-02 22:35:40', NULL),
       (107, 'Управление проектами', '<p>Описания нет</p>', 1, NULL, NULL, NULL, 1, 3, '2022-12-02 22:37:08',
        '2022-12-02 22:37:08', NULL),
       (108, 'Управление проектами разработки ПО', '<p>Описания нет</p>', 1, NULL, NULL, 13, 1, 3,
        '2022-12-02 22:37:47', '2022-12-02 22:41:55', NULL),
       (109, 'Управление ИТ-проектами',
        '<p>Целью изучения курса является формирование теоретических знаний, умений и практических навыков эффективного управления ИТ-проектами.</p><p><br></p><p>В курсе рассматриваются вопросы интеграции УП в стратегическое управление, подходы к формированию ИТ-стратегии и методы управления портфелем ИТ-проектов.</p><p><br></p><p>Онлайн курс от НИУ ВШЭ</p>',
        1, NULL, NULL, 8, 3, 3, '2022-12-02 22:43:10', '2022-12-02 22:43:43', NULL),
       (110, 'Численные методы',
        '<p><span style="color: rgb(33, 37, 41);">Дисциплина «Численные методы» входит в модуль «Математические методы для разработчиков» и относится к части образовательной программы, формируемой участниками образовательных отношений.</span></p>',
        1, NULL, NULL, NULL, 1, 3, '2022-12-02 22:54:19', '2022-12-02 22:54:19', NULL),
       (111, 'Методы оптимизации',
        '<p><span style="color: rgb(33, 37, 41);">Изучаются приемы формализации предметных областей и построения математических оптимальных моделей.</span></p>',
        1, NULL, NULL, NULL, 2, 3, '2022-12-02 22:56:56', '2022-12-02 22:56:56', NULL),
       (112, 'Теория кодирования',
        '<p><span style="color: rgb(33, 37, 41);">В курсе рассматриваются основы оптимального и помехоустойчивого кодирования информации</span></p>',
        1, NULL, NULL, NULL, 1, 3, '2022-12-02 23:00:07', '2022-12-02 23:00:07', NULL),
       (113, 'Элементы теории игр',
        '<p><span style="color: rgb(33, 37, 41);">Дисциплина посвящена изучению задач управления в условиях конфликта или неопределенности.</span></p><p><br></p><p>Целью дисциплины является изложение основных идей и методов решения задач управления в условиях конфликта или неопределенности.</p><p><br></p><p>Приобретенные теоретические знания и практические навыки позволят студентам грамотно решать задачи управления в условиях конфликта или неопределенности.</p><p><br></p><p>Данный курс опирается на такие дисциплины, изученные студентами ранее, как дифференциальные уравнения, теория устойчивости, теория управления и теория оптимального управления.</p>',
        1, NULL, NULL, NULL, 1, 3, '2022-12-02 23:02:34', '2022-12-02 23:02:34', NULL),
       (114, 'Теория принятия решений',
        '<p><span style="color: rgb(33, 37, 41);">Формирование теоретико-прикладных представлений о существующих методах и средствах поддержки принятия решений, получение навыков в решении практических задач.</span></p><p><br></p><p>Задачи дисциплины (модуля):</p><p><br></p><p>− получение знаний в области системного анализа и исследования операций применительно к задачам принятия решений;&nbsp;</p><p>− изучение различных классов задач принятия решений и исследование соответствующих математических моделей;&nbsp;</p><p>− изучение методов принятия решений;&nbsp;</p><p>− приобретение практических навыков принятия решений для управления сложными объектами и процессами различной природы.</p>',
        1, NULL, NULL, NULL, 2, 3, '2022-12-02 23:06:05', '2022-12-02 23:06:16', NULL),
       (115, 'Компьютерная арифметика',
        '<p><strong style="color: rgb(32, 33, 36);">КОМПЬЮ́ТЕРНАЯ АРИФМЕ́ТИКА</strong><span style="color: rgb(32, 33, 36);">, технич. дисциплина, предметом исследования которой является представление чисел в ЭВМ, алгоритмы вычисления элементарных функций, арифметич. операций и др., а также реализующая их аппаратура.</span></p>',
        1, NULL, NULL, NULL, 1, 3, '2022-12-03 00:19:32', '2022-12-03 00:19:45', NULL),
       (116, 'Основы автоматического управления',
        '<p>Основной целью автоматизации является исключение непосредственного участия человека в управлении производственными процессами и другими техническими объектами. В настоящее время автоматизация технологических процессов представляет собой одно из важнейших средств роста эффективности производства, интенсификации развития народного хозяйства. Таким образом, задача изучения дисциплины "Теория автоматического управления" состоит в освоении основных принципов построения и функционирования автоматических систем управления на базе современных математических методов и технических средств.</p>',
        1, NULL, NULL, NULL, 1, 3, '2022-12-03 00:22:15', '2022-12-03 00:22:33', NULL),
       (117, 'Системный анализ',
        '<p><span style="color: rgb(33, 37, 41);">Данный курс предназначен для освоения общей теории систем, методологий системного анализа, для формирования системного подхода при моделировании и создании информационных систем, в управлении сложными системами, в принятии решений в профессиональной деятельности.</span></p>',
        1, NULL, NULL, NULL, 1, 3, '2022-12-03 00:25:33', '2022-12-03 00:25:44', NULL),
       (118, 'Методы оптимальных решений',
        '<p>Цель освоения дисциплины «Методы оптимальных решений»:</p><ul><li>подготовить необходимый фундамент для дальнейшего усвоения студентами ряда прикладных задач из теории управления, теории массового обслуживания и т.д.</li><li>формировать у студентов научного математического мышления, умения применять математический аппарат для исследований экономических процессов;</li><li>формирование у студентов навыков обработки данных при исследований экономических процессов;</li><li>научить студентов использовать компьютерные программы для обработки данных;</li><li>использовать оптимизационные модели и пакеты для принятия экономически целесообразных управленческих решений в различных ситуациях.</li></ul><p><br></p><p>Задачи освоения дисциплины:</p><ul><li>теоретическое освоение студентами основных положений курса «Методы оптимальных решений»;</li><li>формирование необходимого уровня математической подготовки для понимания основ методов оптимальных решений;</li><li>приобретение практических навыков решения типовых задач, способствующих усвоению основных понятий в их взаимной связи, а также задач, способствующих развитию начальных навыков научного исследования;</li><li>формирование умений решения оптимизационных задач с использованием аппарата линейной алгебры, математического анализа и теории вероятностей.</li></ul>',
        1, NULL, NULL, NULL, 1, 3, '2022-12-03 00:28:02', '2022-12-03 00:28:21', NULL),
       (119, 'Теория управления',
        '<p>Цель курса – усвоение теоретических основ теории управления, овладение основными методами и алгоритмами решения ряда прикладных задач теории управления.</p><p><br></p><p>В результате изучения дисциплины студенты будут:</p><p>&nbsp;- знать значение и области применения методов теории управления,&nbsp;</p><p>- знать основные положения теории управления,&nbsp;</p><p>- знать принципы и методы построения моделей динамических систем управления,&nbsp;</p><p>- знать методы анализа и синтеза систем управления,&nbsp;</p><p>- иметь представление о методах анализа и синтеза систем с цифровыми управляющими устройствами,&nbsp;</p><p>- иметь представление о методах оптимального управления.</p>',
        1, NULL, NULL, NULL, 1, 3, '2022-12-03 00:29:39', '2022-12-03 00:30:01', NULL),
       (120, 'Статистика', '<p>Описания нет</p>', 1, NULL, NULL, NULL, 1, 3, '2022-12-03 00:31:30',
        '2022-12-03 00:31:52', NULL),
       (121, 'Программирование компьютерной графики', '<p>Описания нет</p>', 1, NULL, NULL, NULL, 1, 3,
        '2022-12-03 00:33:25', '2022-12-03 00:33:49', NULL),
       (122, 'Эконометрика',
        '<p>Эконометрика — наука, изучающая количественные и качественные экономические взаимосвязи с помощью статистических и других математических методов и моделей.</p><p><br></p><p>Дисциплина «Эконометрика» посвящена изучению фундаментальных основ построения эконометрических моделей и приемов их использования для решения задач профессиональной деятельности. Преподавание дисциплины опирается на содержание курсов теории вероятностей, математической статистики и линейной алгебры, а также на навыки работы студентов с электронными таблицами Excel.</p>',
        1, NULL, NULL, NULL, 1, 3, '2022-12-03 00:34:27', '2022-12-03 00:35:20', NULL),
       (123, 'Бизнес планирование',
        '<ul><li>изучить роль бизнес–планирования в системе управлении компанией;	</li><li>выявить необходимость и преимущества применения бизнес–планирования в деятельности компании;</li><li>определить цели и задачи бизнес–планирования;</li><li>познакомить со структурой бизнес-плана;</li><li>объяснить взаимосвязь основных разделов бизнес-плана;</li><li>проанализировать типичные ошибки и недостатки в бизнес–планировании;</li><li>развить у студентов навыки деловой активности с помощью организации составления бизнес-планов.</li></ul>',
        1, NULL, NULL, NULL, 1, 3, '2022-12-03 00:39:23', '2022-12-03 00:39:23', NULL),
       (124, 'Электронная коммерция',
        '<p>Электронная коммерция — это сфера цифровой экономики, которая включает в себя все финансовые и торговые транзакции, осуществляемые при помощи компьютерных сетей, и бизнес-процессы, связанные с проведением таких транзакций.</p>',
        1, NULL, NULL, NULL, 2, 3, '2022-12-03 00:41:16', '2022-12-03 00:41:16', NULL),
       (125, 'Искусство ведения переговоров',
        '<p><span style="color: rgb(33, 37, 41);">Предмет дисциплины — приобретение практических навыков деловой коммуникации, направленной на представление интересов компании. Теоретические основы технологии продаж, открытия контакта, активного слушания, работы с возражениями, эффективной презентации и тренировка навыков на практике.</span></p>',
        1, NULL, NULL, NULL, 2, 3, '2022-12-03 00:43:57', '2022-12-03 00:43:57', NULL),
       (126, 'Основы социальных коммуникаций',
        '<p><span style="color: rgb(33, 37, 41);">Предмет дисциплины — изучение процесса делового информационного обмена. Социальные коммуникации как способ достижения результата в любой деятельности, где присутствует человеческий фактор. Освоение понятий дисциплины: внутренние и внешние коммуникации в организации, коммуникационная политика, обратная связь, каналы коммуникаций, коммуникационные бизнес-процессы. Понятие об уровнях коммуникационной культуры.</span></p>',
        1, NULL, NULL, NULL, 2, 3, '2022-12-03 00:44:44', '2022-12-03 00:44:44', NULL),
       (127, 'Бухгалтерский учет в 1С',
        '<p>Механизм бухгалтерского учета — это один из прикладных механизмов платформы. Он позволяет реализовать в прикладном решении систему двойной записи бухгалтерского учета. Он не навязывают разработчику собственно принципов ведения бухгалтерского учета, и позволяет создавать модели учета, применимые как в России, так и в других странах.</p>',
        1, NULL, NULL, NULL, 1, 3, '2022-12-03 00:46:40', '2022-12-03 00:46:40', NULL),
       (128, 'Продвижение в социальных сетях',
        '<p>На своем курсе расскажу про ведение соцсетей легко и понятно. Счастливых обеспеченных людей должно быть много.&nbsp;</p><p><br></p><p>С чем сталкиваются стартаперы?</p><p>- Нет понятия, как управляемо привлекать клиентов</p><p>- Точные портреты ЦА для таргета, работающие креативы</p><p>- Ведение соцсетей занимает слишком много времени</p><p>- Пробовали вести блог, но не видят общей стратегии своего позиционирования и продвижения, не имеют четких целей&nbsp;</p><p><br></p><p>Результат после обучения</p><p>- Станете немного маркетологами.</p><p>- Составите портреты целевой аудитории и поймете как интересно подать и продать клиентам свои услуги и товары.</p><p>- Благодаря грамотному ведению блога найдете постоянных заказчиков.</p><p>- Распишете себе по полочкам, что делать. Поймете, какой будет результат.</p><p><br></p><p>Всегда будете знать о чем писать.</p><p><br></p><p>- Подготовите аккаунты к таргету, чтобы реклама стала более эффективной.</p><p>- Поймете как интересно подать и продать клиентам свои услуги и товары</p><p>- Узнаете секретные секреты</p><p>- Самых успешных студентов приглашу в свою команду</p>',
        1, NULL, NULL, NULL, 2, 3, '2022-12-03 00:54:38', '2022-12-03 00:55:05', NULL),
       (129, 'Профессиональная этика',
        '<p>Целью освоения дисциплины «Профессиональная этика» является формирование у обучаемых комплекса знаний, умений и навыков, связанных с основами этики деятельности ИТ-специалистов различных профессий и их этическими стандартами, необходимых и достаточных для активного использования как в теоретической, так и в практической деятельности. Задачи курса: овладение обучающимися комплексом знаний об этике и профессиональной этике, привитие навыков и умений следовать в своей профессиональной деятельности этическим профессиональным стандартам.</p>',
        1, NULL, NULL, NULL, 1, 3, '2022-12-03 00:56:34', '2022-12-03 00:56:46', NULL),
       (130, 'Основы менеджмента',
        '<p><span style="color: rgb(33, 37, 41);">В курсе изложены базовые положения менеджмента организации. Предложена оригинальная трактовка смысла и содержания менеджмента как взаимодействия руководителей и исполнителей в процессе управления организацией. Раскрыты функции менеджмента, методы и инструменты воздействия руководителей на поведение исполнителей. Проанализировано влияние внешней и внутренней среды, организационной культуры, социальной ответственности, этики поведения на взаимодействие менеджеров и исполнителей.</span></p>',
        1, NULL, NULL, 9, 3, 3, '2022-12-03 00:58:25', '2022-12-03 00:58:35', NULL),
       (131, 'Маркетинг в телекоммуникациях',
        '<p><span style="color: rgb(33, 37, 41);">По результатам курса студенты освоят базовые инструменты построения стратегии маркетинга, научатся планировать мероприятия для ее реализации и на основе оценки эффективности принимать правильные решения.&nbsp;</span></p>',
        1, NULL, NULL, 14, 2, 3, '2022-12-03 01:03:26', '2022-12-03 01:03:44', NULL),
       (132, 'Управленческая психология',
        '<p><span style="color: rgb(33, 37, 41);">Управленческая психология направлена на знакомство с Управлением как системой психологических воздействий, изучение основных свойств, психологических приемов и механизмов  управления группой. Современному специалисту важно разбираться в Информационном обеспечении процессов управления, а также коммуникативной организации среды управления, что подробно раскрывает данный курс.</span></p>',
        1, NULL, NULL, NULL, 1, 3, '2022-12-03 01:05:12', '2022-12-03 01:05:12', NULL),
       (133, 'Управление интеллектуальной собственностью',
        '<p>Предлагаемый Вашему вниманию онлайн-курс «Управление интеллектуальной собственностью» поможет Вам приобрести базовые компетенции в области интеллектуальной собственности (ИС) и эффективно решать проблемы в сфере ИС, с которыми практически сталкивается каждый из нас.</p><p><br></p><p>Особенно полезным этот курс будет для студентов технических специальностей при разработке и реализации технологических проектов. Действительно, сейчас трудно представить технологический проект, в котором так или иначе не затрагивались бы вопросы ИС. Это и вопросы патентования изобретений, взаимоотношений между авторами, между авторами и предприятием, предприятием и инвесторами, патентные конфликты и другие ситуации.</p>',
        1, NULL, NULL, NULL, 3, 3, '2022-12-03 01:08:22', '2022-12-03 01:08:31', NULL),
       (134, 'Юзабилити и дизайн',
        '<p>Модуль 1 Понятие юзабилити</p><p>Модуль 2 Связь дизайна и юзабилити</p><p>Модуль 3 Типографика и юзабилити</p><p>Модуль 4 Законы и правила юзабилити</p><p>Модуль 5 Различия мобильных и других платформ</p><p>Модуль 6 Юзабилити аудит (анализ), эвристики</p><p>Модуль 7 Проектная работа, взаимодействие, вопр. и ответы разборы кейсов</p><p>Модуль 8 Обратная связь по проекту</p>',
        1, NULL, NULL, NULL, 1, 3, '2022-12-03 11:22:08', '2022-12-03 11:22:08', NULL),
       (135, 'Современные технологии разработки мобильных приложений',
        '<p>Цель дисциплины: изучение основ и получение практических навыков программной инженерии в области разработки программного обеспечения для мобильных устройств.</p><p><br></p><p>Задачи дисциплины:</p><p>−&nbsp;&nbsp;&nbsp;&nbsp;ознакомление с основными мобильными операционными системами;</p><p>−&nbsp;&nbsp;&nbsp;&nbsp;ознакомление с различными инструментами разработки программного обеспечения для мобильных устройств;</p><p>−&nbsp;&nbsp;&nbsp;&nbsp;знакомство с особенностями разработки мобильных приложений на платформе Xamarin;</p><p>−&nbsp;&nbsp;&nbsp;&nbsp;изучение основных приёмов и методов программирования мобильных приложений;</p><p>−&nbsp;&nbsp;&nbsp;&nbsp;овладение практическими навыками разработки приложений;</p><p>−&nbsp;&nbsp;&nbsp;&nbsp;получение практических навыков по разработке полноценного мобильного приложения с применением всех изученных принципов, методик, методов и средств разработки.</p>',
        1, NULL, NULL, NULL, 1, 3, '2022-12-03 11:25:34', '2022-12-03 11:25:34', NULL),
       (136, 'Основы проектирования интерфейсов',
        '<p>Целью изучения дисциплины является ознакомление студентов с универсальными принципами проектирования интерфейсов, не зависящими от стандартов операционной системы, среды или устройства.</p><p><br></p><p>Задачи дисциплины:</p><p>- изучить приемы проектирования экранных форм;</p><p>- познакомиться с инструментами для проектирования интерфейсов;</p><p>- научиться оценивать эффективность интерфейса;</p><p>- научиться использовать психологические и физиологические особенности человека при проектировании интерфейса.</p>',
        1, NULL, NULL, NULL, 1, 3, '2022-12-03 11:31:35', '2022-12-03 11:31:35', NULL),
       (138, 'Введение в цифровую медицину', '<p>Описания нет</p>', 1, NULL, NULL, NULL, 3, 4, '2022-12-03 18:29:54',
        '2022-12-03 18:31:38', NULL),
       (139, 'Наноматериалы в биотехнологии и биоинженерии', '<p>Описания нет</p>', 1, NULL, NULL, NULL, 3, 4,
        '2022-12-03 18:30:08', '2022-12-03 18:31:38', NULL),
       (140, 'Биомеханика', '<p>Описания нет</p>', 1, NULL, NULL, NULL, 3, 4, '2022-12-03 18:30:24',
        '2022-12-03 18:31:38', NULL),
       (141, 'Инженерная химия', '<p>Описания нет</p>', 1, NULL, NULL, NULL, 1, 4, '2022-12-03 18:30:59',
        '2022-12-03 18:31:38', NULL),
       (142, 'Предпринимательство в креативных индустриях', '<p>Описания нет</p>', 1, NULL, NULL, NULL, 3, 4,
        '2022-12-03 18:41:04', '2022-12-03 18:46:09', NULL),
       (143, 'Основы создания инновационного предприятия', '<p>Описания нет</p>', 1, NULL, NULL, NULL, 3, 4,
        '2022-12-03 18:41:16', '2022-12-03 18:46:09', NULL),
       (144, 'Стартап: как вырасти в успешный бизнес', '<p>Описания нет</p>', 1, NULL, NULL, NULL, 3, 4,
        '2022-12-03 18:41:27', '2022-12-03 18:46:09', NULL),
       (145, 'Алгоритмы и структуры данных (Тинькофф, Смешанная форма)', '<p>Описания нет</p>', 120, NULL, NULL, 1, 2,
        4, '2022-12-03 18:49:10', '2022-12-03 18:53:28', NULL),
       (146, 'Алгоритмы, структуры данных и анализ сложности (ИРИТ-РТФ, Смешанная форма)', '<p>Описания нет</p>', 470,
        NULL, NULL, NULL, 2, 4, '2022-12-03 18:49:44', '2022-12-03 18:53:00', NULL),
       (147, 'Алгоритмы и анализ сложности от SkillBox', '<p>Описания нет</p>', 1, NULL, NULL, 11, 3, 4,
        '2022-12-03 18:50:11', '2022-12-03 19:06:08', NULL),
       (148, 'Компьютерные сети Академии Huawei (смешанный курс)', '<p>Описания нет</p>', 1, NULL, NULL, NULL, 2, 4,
        '2022-12-03 18:56:12', '2022-12-03 18:58:20', NULL),
       (149, 'Компьютерные сети (Традиционный курс)', '<p>Описания нет</p>', 1, NULL, NULL, NULL, 1, 4,
        '2022-12-03 18:56:41', '2022-12-03 18:58:20', NULL),
       (150, 'Компьютерные сети К Телеком (Традиционный курс)', '<p>Описания нет</p>', 35, NULL, NULL, NULL, 1, 4,
        '2022-12-03 18:57:34', '2022-12-03 18:57:34', NULL),
       (151, 'Компьютерные сети DLink (Традиционный курс)', '<p>Описания нет</p>', 60, NULL, NULL, NULL, 1, 4,
        '2022-12-03 18:59:23', '2022-12-03 18:59:55', NULL),
       (152, 'JavaScript продвинутый уровень (SkillBox)', '<p>Описания нет</p>', 1, NULL, NULL, 11, 3, 4,
        '2022-12-03 19:05:46', '2022-12-03 19:08:30', NULL),
       (153, 'Архитектура клиентских приложений на JS (HTML-академия)', '<p>Описания нет</p>', 50, NULL, NULL, 10, 2, 4,
        '2022-12-03 19:08:01', '2022-12-03 19:08:30', NULL),
       (154, 'Python Advanced (skillbox)', '<p>Описания нет</p>', 1, NULL, NULL, 11, 3, 4, '2022-12-03 19:11:03',
        '2022-12-03 19:12:44', NULL),
       (155, 'Python для интеллектуального анализа данных (ИРИТ-РТФ, Традиционный курс)', '<p>Описания нет</p>', 30,
        NULL, NULL, NULL, 1, 4, '2022-12-03 19:11:36', '2022-12-03 19:12:44', NULL),
       (156, 'Технологии современных решений на базе Python (АО Точка, RUS, ТК)', '<p>Описания нет</p>', 50, NULL, NULL,
        NULL, 1, 4, '2022-12-03 19:12:24', '2022-12-03 19:12:44', NULL),
       (157, 'Прикладное программирование на PHP', '<p>Описания нет</p>', 60, NULL, NULL, NULL, 1, 4,
        '2022-12-03 19:16:40', '2022-12-03 19:18:37', NULL),
       (158, 'Прикладное программирование на PHP (ArtSofte, RUS, ТК)', '<p>Описания нет</p>', 30, NULL, NULL, 2, 1, 4,
        '2022-12-03 19:17:37', '2022-12-03 19:18:37', NULL),
       (159, 'Прикладное программирование на TypeScript (ArtSofte, RUS, ТК)',
        '<p>Целью модуля является изучение студентами основ прикладного web-программирования серверных приложений, реализованных с помощью языка PHP.</p><p><br></p><p>Студенты более подробно познакомятся с принципами ООП, реализованными в языке PHP, а также смогут на практике поработать с основными популярными CMS и фреймворками, включая Laravel, на который ориентируются учебные материалы. Студенты также смогут выбрать альтернативные технологии, такие как Symphony, Yi2 и другие. Обучающиеся погрузятся в синтаксис языка, а также экосистемы CMS и фреймворков.</p>',
        30, NULL, NULL, 2, 1, 4, '2022-12-03 19:21:11', '2022-12-03 19:22:22', NULL),
       (160, 'Промышленная разработка на фреймворке Spring (Банк России)', '<p>Описания нет</p>', 50, NULL, NULL, 18, 1,
        4, '2022-12-03 19:23:26', '2022-12-03 19:24:35', NULL),
       (161, 'Основы хранения и обработки данных в программном обеспечении', '<p>Описания нет</p>', 30, NULL, NULL,
        NULL, 1, 4, '2022-12-03 19:26:13', '2022-12-03 19:26:24', NULL),
       (162, 'Разработка web-приложений на готовых платформах (CMS)', '<p>Описания нет</p>', 30, NULL, NULL, NULL, 1, 4,
        '2022-12-03 19:28:00', '2022-12-03 19:28:09', NULL),
       (163, 'Прикладное программирование на C\C++', '<p>Описания нет</p>', 1, NULL, NULL, NULL, 1, 4,
        '2022-12-03 19:29:12', '2022-12-03 19:29:53', NULL),
       (164, 'Объектно-ориентированное программирование на Java (Банк России)', '<p>Описания нет</p>', 50, NULL, NULL,
        18, 1, 4, '2022-12-03 19:31:13', '2022-12-03 19:31:39', NULL),
       (165, 'Софты для ИТ 2.0', '<p>Описания нет</p>', 30, NULL, NULL, NULL, 1, 4, '2022-12-03 19:34:13',
        '2022-12-03 19:34:23', NULL),
       (166, 'Финансовый анализ', '<p>Описания нет</p>', 1, NULL, NULL, NULL, 1, 4, '2022-12-03 19:37:38',
        '2022-12-03 19:37:53', NULL),
       (167, 'Финансовое моделирование инновационных или стартап проектов', '<p>Описания нет</p>', 1, NULL, NULL, NULL,
        1, 4, '2022-12-03 19:38:21', '2022-12-03 19:38:24', NULL),
       (168, 'Тенденции развития современных финансовых экосистем (Тинькофф)', '<p>Описания нет</p>', 1, NULL, NULL, 1,
        1, 4, '2022-12-03 19:39:29', '2022-12-03 19:39:35', NULL),
       (169, 'Маркетинг (К-телеком)', '<p>Описания нет</p>', 1, NULL, NULL, 14, 1, 4, '2022-12-03 19:40:07',
        '2022-12-03 19:40:30', NULL),
       (170, 'Социология', '<p>Описания нет</p>', 1, NULL, NULL, NULL, 1, 4, '2022-12-03 19:41:21',
        '2022-12-03 19:42:32', NULL),
       (171, 'Социальная психология', '<p>Описания нет</p>', 1, NULL, NULL, NULL, 3, 4, '2022-12-03 19:44:22',
        '2022-12-03 19:44:45', NULL),
       (172, 'Психология', '<p>Описания нет</p>', 50, NULL, NULL, NULL, 1, 4, '2022-12-03 19:45:53',
        '2022-12-03 19:45:58', NULL),
       (173, 'Базы данных. Углубленный курс.',
        '<p><span style="color: rgb(33, 37, 41);">Курс продолжает знакомить студентов с технологическими особенностями проектирования и программирования систем управления базами данных. Остановимся на ряде типовых решений, а также причинах их рекомендации в решению типовых задач, основанных на опыте работы в предметной области.</span></p>',
        1, NULL, NULL, NULL, 2, 3, '2022-12-04 15:07:45', '2022-12-04 15:07:45', NULL),
       (174, 'Безопасная разработка программного обеспечения',
        '<p>На курсе познакомимся с требованиями Российского законодательства по обеспечению безопасности при разработке программного обеспечения (далее - ПО).</p><p><br></p><p>•Ознакомимся с основными стандартами и нормативными документами по безопасной разработке ПО.</p><p>•Рассмотрим методологию построения процесса безопасной разработки ПО</p><p>•Узнаем, что такое уязвимости ПО.</p><p>•Ознакомимся с инструментальными средствами контроля безопасности ПО и выявления уязвимостей.&nbsp;</p><p><br></p><p>Чему вы научитесь</p><p>✓ Формировать требования по безопасности при разработке ПО.</p><p>✓ Организовывать процессы необходимые при безопасной разработке ПО.</p><p>✓ Осуществлять статический анализ кода с применением программных инструментов выявления уязвимостей разрабатываемого ПО.</p>',
        1, NULL, NULL, NULL, 1, 3, '2022-12-04 15:11:15', '2022-12-04 15:11:15', NULL),
       (175, 'Распределенные базы данных',
        '<p><span style="color: rgb(33, 37, 41);">Целью изучения дисциплины&nbsp;является овладение студентами проектирования различных видов распределенных информационных систем: от алгоритмов параллельной обработки информации и средств операционных систем до программирования распределенных приложений и баз данных.</span></p>',
        1, NULL, NULL, NULL, 1, 3, '2022-12-04 15:12:51', '2022-12-04 15:12:51', NULL),
       (176, 'Машинное обучение в электронной коммерции',
        '<p>Машинное обучение в электронной коммерции - Курс посвящен дизайну и проектированию проектов машинного обучения в рамках решения реальных задач. Он будет развивать навыки анализа проблем и способности выдвигать свое видение и гипотезы для решения задач крупного бизнеса методами машинного обучения.</p>',
        1, NULL, NULL, NULL, 1, 3, '2022-12-04 15:18:01', '2022-12-04 15:18:01', NULL),
       (177, 'Продуктовый дизайн (УЦСБ)',
        '<p>Продуктовый дизайн — это процесс создания продукта, который предлагает решение проблемы на определенном рынке. Успешный продуктовый дизайн отвечает потребностям бизнеса и пользователей. Он включает цифровые средства, дизайн опыта взаимодействия и физические продукты.</p>',
        1, NULL, NULL, 17, 2, 3, '2022-12-04 15:20:54', '2022-12-04 15:20:54', NULL),
       (178, 'Интернет вещей',
        '<p>Цель дисциплины: сформировать компетенции в области разработки информационно-управляющих систем интернета вещей, подготовить студентов для профессиональной деятельности в области автоматизации и управления процессами на основе данных микроконтроллерных систем.&nbsp;</p><p><br></p><p>Задачи дисциплины:</p><p>1.&nbsp;&nbsp;&nbsp;&nbsp;Научиться разрабатывать компоненты систем интернета вещей.</p><p>2.&nbsp;&nbsp;Сформировать комплексное представление принципов функционирования управляющих систем на основе данных в том числе роботизированных.</p>',
        1, NULL, NULL, NULL, 1, 3, '2022-12-04 15:22:40', '2022-12-04 15:22:40', NULL),
       (179, 'Основы технологии блокчейн',
        '<p>Цель дисциплины: сформировать компетенции в области сквозной цифровой технологии распределенных реестров.</p><p><br></p><p>Задачи дисциплины:</p><ul><li>изучение архитектуры систем распределенного реестра блокчейн;</li><li>изучение технологии умных контрактов и языка разработки умных контрактов Solidity;</li><li>изучение создания приложения для блокчейн на Python.</li></ul>',
        1, NULL, NULL, NULL, 1, 3, '2022-12-04 15:31:07', '2022-12-04 15:31:07', NULL),
       (180, 'Компьютерное зрение',
        '<p>Курс «Компьютерное зрение» посвящен подробному изучению наиболее популярных в настоящее время архитектур глубоких искусственных нейронных сетей в задачах компьютерного зрения. Данный подход наиболее востребован в настоящее время во многих приложениях реального сектора экономики, начиная от медицинских задач и заканчивая такими приложениями, как «Deep fake» и «Prisma». Особенностью курса является подробный теоретический разбор каждой рассматриваемой архитектуры сети послойно, а также разбор особенностей ее обучения на конкретных практических примерах (распознавание лиц, поиск номеров автомобилей, и т.д.).&nbsp;</p><p><br></p><p>Практическая часть (лабораторный практикум) реализуется на базе популярных библиотек обучения нейронных сетей. Особенностью практической части курса является рассмотрение изученного материала на «реальных» данных.&nbsp;</p><p><br></p><p>Итоговая работа включает полный цикл обучения нейронной сети начиная от подбора данных и заканчивая численными оценками результатов. В результате прохождения курса студент получит навыки самостоятельного решения задач классификации изображений, их сегментации, а также поиска и выделения на них целевых объектов. При этом студент будет компетентен самостоятельно выбирать архитектуры сетей, особенности их обучения и подготовки данных. Полученные в курсе знания позволят студенту квалифицированно выполнять практические проекты и/или пройти собеседование в крупной компании на должность разработчика систем компьютерного зрения.</p>',
        1, NULL, NULL, NULL, 1, 3, '2022-12-04 15:33:26', '2022-12-04 15:33:26', NULL),
       (181, 'Глубокое обучение в науках о данных',
        '<p>Курс партнера - SkillFactory.&nbsp;</p><p><br></p><p>• Введение в Deep Learning</p><p>• Основы Data Engineering</p><p>• Дополнительные главы Python и ML</p><p>• Экономическая оценка эффектов и разработка MVP</p><p>• ML в Production</p><p>• Углубленное изучение ML-разработки</p>',
        1, NULL, NULL, 12, 3, 3, '2022-12-04 15:37:20', '2022-12-04 15:37:20', NULL),
       (182, 'DevOps инженер (Ростелеком)',
        '<p><span style="color: rgb(33, 37, 41);">DevOps инженер (Ростелеком)</span></p>', 1, NULL, NULL, 19, 2, 3,
        '2022-12-04 15:40:00', '2022-12-04 15:40:19', NULL),
       (183, 'Аналитика в ИТ-продукте (ArtSofte)',
        '<p>Курс от партнера ИРИТ-РТФ ArtSoftе по аналитике в ИТ-продукте.&nbsp;</p><p><br></p><p>Данный курс позволяет лучше понять, чем занимаются те или иные специалисты при работе над продуктом, а также изучить основные кроссфункциональные компетенции.</p>',
        1, NULL, NULL, 2, 3, 3, '2022-12-04 15:42:02', '2022-12-04 15:42:02', NULL),
       (184, 'Компьютерное зрение (Онлайн, SkillFactory)',
        '<p>Курс партнера - SkillFactory.</p><p><br></p><p>Задачи Computer Vision: от распознавания объектов до улучшения качества изображений и работы с видео. Нейронные сети в Production. Углубленное изучение CV-разработки.</p>',
        1, NULL, NULL, 12, 3, 3, '2022-12-04 15:45:36', '2022-12-04 20:47:39', NULL),
       (185, 'Анализ естественного языка',
        '<p>Курс партнера - SkillFactory.</p><p><br></p><p>Математика нейронных сетей для NLP. Hard &amp; Software для решения задач NLP. Задачи и алгоритмы NLP. Нейронные сети в Production. Углубленное изучение NLP-разработки.</p>',
        1, NULL, NULL, 12, 3, 3, '2022-12-04 15:47:36', '2022-12-04 15:47:36', NULL),
       (186, 'Системная аналитика', '<p>Описания нет</p>', 500, NULL, NULL, 4, 1, 4, '2022-12-04 19:34:19',
        '2022-12-04 19:34:33', NULL),
       (187, 'Правовые основы информационных технологий.', '<p>Описания нет</p>', 1, NULL, NULL, NULL, 1, 4,
        '2022-12-04 19:35:50', '2022-12-04 19:38:37', NULL),
       (188, 'Правовая грамотность (Онлайн, НИУ ВШЭ, ОК)', '<p>Описания нет</p>', 100, NULL, NULL, NULL, 3, 4,
        '2022-12-04 19:37:36', '2022-12-04 19:38:37', NULL),
       (189, 'Взаимодействие государства и бизнеса в условиях цифровой трансформации (Онлайн, OpenEdu, ОК)',
        '<p>Описания нет</p>', 500, NULL, NULL, NULL, 3, 4, '2022-12-04 19:38:00', '2022-12-04 19:38:37', NULL),
       (190, 'Правовые основы интеллектуальной собственности (Онлайн, ИТМО, ОК)', '<p>Описания нет</p>', 100, NULL,
        NULL, NULL, 3, 4, '2022-12-04 19:38:23', '2022-12-04 19:38:37', NULL),
       (191, 'Операционные системы', '<p>Описания нет</p>', 600, NULL, NULL, NULL, 1, 4, '2022-12-04 19:39:34',
        '2022-12-04 19:41:16', NULL),
       (192, 'Теория операционных систем', '<p>Описания нет</p>', 600, NULL, NULL, NULL, 1, 4, '2022-12-04 19:40:22',
        '2022-12-04 19:41:16', NULL),
       (193, 'Применение механизмов операционных систем в разработке программного обеспечения (Онлайн, МИФИ, ОК)',
        '<p>Описания нет</p>', 100, NULL, NULL, NULL, 3, 4, '2022-12-04 19:40:47', '2022-12-04 19:41:16', NULL),
       (194, 'Интернет-маркетинг Artsofte (Традиционный)', '<p>Описания нет</p>', 1, NULL, NULL, 2, 1, 4,
        '2022-12-04 19:43:16', '2022-12-04 19:44:12', NULL),
       (195, 'Java-фреймворк Spring (смешанный курс, SkillBox)', '<p>Описания нет</p>', 50, NULL, NULL, 11, 2, 4,
        '2022-12-04 19:49:20', '2022-12-04 19:52:04', NULL),
       (196, 'Backend-разработка на Java.Spring (SkillFactory)', '<p>Описания нет</p>', 40, NULL, NULL, 12, 3, 4,
        '2022-12-04 19:50:49', '2022-12-04 19:52:04', NULL),
       (197, 'Введение в разработку игр', '<p>Описания нет</p>', 50, NULL, NULL, NULL, 1, 4, '2022-12-04 19:53:35',
        '2022-12-04 19:54:19', NULL),
       (198, 'Разработка игровых сервисов', '<p>Описания нет</p>', 30, NULL, NULL, NULL, 1, 4, '2022-12-04 19:54:06',
        '2022-12-04 19:54:19', NULL),
       (199, 'Frontend-разработка на ReactJS', '<p>Описания нет</p>', 50, NULL, NULL, NULL, 1, 4, '2022-12-04 19:55:02',
        '2022-12-04 19:55:24', NULL),
       (200, 'React. Разработка сложных клиентских приложений', '<p>Описания нет</p>', 40, NULL, NULL, 10, 2, 4,
        '2022-12-04 19:57:35', '2022-12-04 19:57:52', NULL),
       (201, 'Fullstack-разработка на Next.JS', '<p>Описания нет</p>', 30, NULL, NULL, NULL, 1, 4,
        '2022-12-04 20:00:42', '2022-12-04 20:00:49', NULL),
       (202, 'Программирование на React и Vue', '<p>Описания нет</p>', 40, NULL, NULL, 12, 3, 4, '2022-12-04 20:02:16',
        '2022-12-04 20:02:25', NULL),
       (203, 'Разработка в 1С', '<p>Описания нет</p>', 30, NULL, NULL, NULL, 1, 4, '2022-12-04 20:03:09',
        '2022-12-04 20:03:12', NULL),
       (204, 'Проектирование на C#. СКБ-Контур', '<p>Описания нет</p>', 1, NULL, NULL, 7, 1, 4, '2022-12-04 20:04:32',
        '2022-12-04 20:04:48', NULL),
       (205, 'Низкоуровневое программирование на С', '<p>Описания нет</p>', 1, NULL, NULL, NULL, 1, 4,
        '2022-12-04 20:05:57', '2022-12-04 20:06:06', NULL),
       (206, 'Профессия Аналитик в ИТ', '<p>Описания нет</p>', 1, NULL, NULL, 16, 1, 4, '2022-12-04 20:07:08',
        '2022-12-04 20:07:15', NULL),
       (207, 'Администрирование ERP-платформы', '<p>Описания нет</p>', 30, NULL, NULL, NULL, 1, 4,
        '2022-12-04 20:10:45', '2022-12-04 20:11:04', NULL),
       (208, 'Управление требованиями', '<p>Описания нет</p>', 1, NULL, NULL, NULL, 1, 4, '2022-12-04 20:11:44',
        '2022-12-04 20:11:50', NULL),
       (209, 'Контроль качества ПО', '<p>Описания нет</p>', 1, NULL, NULL, 16, 1, 4, '2022-12-04 20:13:02',
        '2022-12-04 20:13:12', NULL),
       (210, 'Анализ данных на Python', '<p>Описания нет</p>', 1, NULL, NULL, NULL, 1, 4, '2022-12-04 20:15:37',
        '2022-12-04 20:15:46', NULL),
       (211, 'Серверные операционные системы DevOps1', '<p>Описания нет</p>', 30, NULL, NULL, NULL, 1, 4,
        '2022-12-04 20:17:09', '2022-12-04 20:17:34', NULL),
       (212, 'Построение корпоративных сетей', '<p>Описания нет</p>', 60, NULL, NULL, NULL, 1, 4, '2022-12-04 20:23:58',
        '2022-12-04 20:24:41', NULL),
       (213, 'Основы программирования промышленных роботов', '<p>Описания нет</p>', 1, NULL, NULL, NULL, 1, 4,
        '2022-12-04 20:25:45', '2022-12-04 20:26:01', NULL),
       (214, 'Курс проектной разработки', '<p>Описания нет</p>', 30, NULL, NULL, 17, 1, 4, '2022-12-04 20:27:08',
        '2022-12-04 20:27:57', NULL),
       (215, 'Основы моделирования объектов окружения', '<p>Описания нет</p>', 30, NULL, NULL, NULL, 1, 4,
        '2022-12-04 20:28:36', '2022-12-04 20:29:21', NULL),
       (216, 'Виртуальная и дополненная реальность', '<p>Описания нет</p>', 30, NULL, NULL, NULL, 1, 4,
        '2022-12-04 20:31:04', '2022-12-04 20:31:16', NULL),
       (217, 'Многопоточное программирование на С/С++', '<p>Описания нет</p>', 30, NULL, NULL, NULL, 2, 4,
        '2022-12-04 20:33:16', '2022-12-04 20:33:20', NULL),
       (218, 'UX/UI дизайн', '<p>Описания нет</p>', 30, NULL, NULL, NULL, 1, 4, '2022-12-04 20:37:23',
        '2022-12-04 20:37:53', NULL),
       (219, 'Графический дизайн. Ч.1.', '<p>Описания нет</p>', 1, NULL, NULL, 17, 1, 4, '2022-12-04 20:39:00',
        '2022-12-04 20:39:19', NULL),
       (220, 'Тест-дизайн', '<p>Описания нет</p>', 50, NULL, NULL, 12, 3, 4, '2022-12-04 20:40:35',
        '2022-12-04 20:43:17', NULL),
       (221, 'Компьютерное зрение', '<p>Описания нет</p>', 50, NULL, NULL, 12, 3, 4, '2022-12-04 20:44:15',
        '2022-12-04 20:44:15', NULL),
       (222, 'Машинное обучение и анализ данных', '<p>Описания нет</p>', 30, NULL, NULL, NULL, 1, 4,
        '2022-12-04 20:45:07', '2022-12-04 20:47:39', NULL),
       (223, 'Анализ естественного языка', '<p>Описания нет</p>', 50, NULL, NULL, 12, 3, 4, '2022-12-04 20:45:38',
        '2022-12-04 20:49:30', NULL),
       (224, 'Нейронные сети и компьютерное зрение', '<p>Описания нет</p>', 30, NULL, NULL, NULL, 3, 4,
        '2022-12-04 20:47:20', '2022-12-04 20:47:56', NULL),
       (225, 'Основы теории сигналов', '<p>Описания нет</p>', 1, NULL, NULL, NULL, 1, 4, '2022-12-04 20:52:17',
        '2022-12-04 20:52:32', NULL),
       (226, 'Базовая архитектура программного обеспечения', '<p>Описания нет</p>', 30, NULL, NULL, NULL, 1, 4,
        '2022-12-04 20:55:06', '2022-12-04 20:55:27', NULL),
       (227, 'Программирование на JS (Тинькофф)', '<p>Описания нет</p>', 100, NULL, NULL, 1, 2, NULL,
        '2023-04-10 02:01:15', '2023-04-10 02:01:15', NULL);


INSERT INTO "public"."course_assembly_course" ("course_assembly_id", "course_id")
VALUES (2, 2),
       (3, 3),
       (28, 4),
       (29, 5),
       (29, 6),
       (30, 7),
       (31, 8),
       (32, 9),
       (33, 10),
       (34, 11),
       (35, 12),
       (36, 13),
       (37, 14),
       (38, 15),
       (38, 16),
       (39, 17),
       (40, 18),
       (41, 19),
       (42, 20),
       (43, 21),
       (44, 22),
       (45, 23),
       (46, 24),
       (47, 25),
       (48, 26),
       (49, 27),
       (50, 28),
       (51, 29),
       (52, 30),
       (53, 31),
       (53, 32),
       (54, 33),
       (55, 34),
       (56, 35),
       (57, 36),
       (58, 37),
       (59, 38),
       (60, 39),
       (61, 40),
       (62, 41),
       (4, 42),
       (4, 43),
       (3, 44),
       (3, 46),
       (3, 47),
       (3, 48),
       (3, 49),
       (5, 50),
       (5, 51),
       (6, 52),
       (6, 53),
       (8, 56),
       (8, 57),
       (8, 58),
       (8, 59),
       (8, 60),
       (8, 61),
       (8, 62),
       (9, 63),
       (9, 64),
       (10, 65),
       (10, 66),
       (70, 67),
       (11, 68),
       (73, 70),
       (12, 71),
       (73, 72),
       (13, 73),
       (14, 74),
       (15, 75),
       (16, 76),
       (17, 77),
       (17, 78),
       (17, 79),
       (19, 83),
       (19, 84),
       (19, 85),
       (20, 86),
       (20, 87),
       (20, 88),
       (21, 89),
       (21, 90),
       (22, 91),
       (22, 92),
       (22, 93),
       (23, 94),
       (23, 95),
       (24, 96),
       (24, 97),
       (24, 98),
       (24, 99),
       (25, 100),
       (25, 101),
       (26, 102),
       (27, 103),
       (63, 104),
       (64, 105),
       (65, 106),
       (65, 107),
       (65, 108),
       (65, 109),
       (155, 110),
       (156, 111),
       (157, 112),
       (158, 113),
       (159, 114),
       (160, 115),
       (161, 116),
       (162, 117),
       (163, 118),
       (164, 119),
       (165, 120),
       (166, 121),
       (167, 122),
       (91, 123),
       (92, 124),
       (94, 125),
       (95, 126),
       (97, 127),
       (96, 128),
       (168, 129),
       (169, 130),
       (170, 131),
       (103, 132),
       (171, 133),
       (66, 134),
       (67, 135),
       (68, 136),
       (173, 138),
       (173, 139),
       (173, 140),
       (173, 141),
       (174, 142),
       (174, 143),
       (174, 144),
       (77, 145),
       (77, 146),
       (77, 147),
       (78, 148),
       (78, 149),
       (78, 150),
       (78, 151),
       (82, 152),
       (82, 153),
       (83, 154),
       (83, 155),
       (83, 156),
       (84, 157),
       (84, 158),
       (175, 159),
       (86, 160),
       (87, 161),
       (88, 162),
       (89, 163),
       (90, 164),
       (93, 165),
       (98, 166),
       (99, 167),
       (100, 168),
       (101, 169),
       (102, 170),
       (104, 171),
       (105, 172),
       (69, 173),
       (176, 174),
       (72, 175),
       (74, 176),
       (75, 177),
       (76, 178),
       (79, 179),
       (80, 180),
       (177, 181),
       (81, 182),
       (178, 183),
       (190, 184),
       (179, 185),
       (106, 186),
       (107, 187),
       (107, 188),
       (107, 189),
       (107, 190),
       (108, 191),
       (108, 192),
       (108, 193),
       (180, 194),
       (109, 195),
       (109, 196),
       (110, 197),
       (110, 198),
       (111, 199),
       (112, 200),
       (113, 201),
       (114, 202),
       (115, 203),
       (116, 204),
       (117, 205),
       (118, 206),
       (121, 207),
       (119, 208),
       (120, 209),
       (123, 210),
       (124, 211),
       (181, 212),
       (182, 213),
       (183, 214),
       (184, 215),
       (185, 216),
       (186, 217),
       (187, 218),
       (188, 219),
       (189, 220),
       (190, 222),
       (190, 223),
       (190, 224),
       (191, 225),
       (192, 226),
       (24, 227),
       (1, 1);

INSERT INTO "reviews" ("id", "author", "text", "educational_direction", "year_of_issue", "course", "hidden", "photo_id",
                       "user_id", "created_at", "updated_at", "deleted_at")
VALUES (3, 'Алексей Фомин',
        'На свою специальность решил поступить, так как она многогранна и интересна. Можно много где себя реализовать в будущем. Об Урфу был наслышан ещё в школе, мне показалось, что это достаточно престижный университет, и я считаю, что не ошибся с выбором.',
        'Управление в технических системах', NULL, '2', 'f', 5, 3, '2022-11-07 16:40:38', '2022-11-07 16:40:38', NULL),
       (2, 'Алена Сенцова',
        'Только в последние два года обучения в школе я поняла, кем хочу быть, и поставила цель стать программистом, поступить в ИРИТ-РТФ на направление «Программная инженерия», так как мои братья тоже программисты и советовали мне поступать именно сюда. Но несмотря на успешную сдачу ЕГЭ, я не смогла пройти по баллам туда, куда хотела. Была ли я расстроена? Конечно! Но у меня был запасной вариант – направление «Радиотехника», куда я подавала копии документов. В последний день я переложила оригиналы документов на мое направление, и вот я тут. Рассматривала ли я другие университеты для поступления? Да, но именно УрФУ представляет те направления подготовки, которые были мне ближе всего.',
        'Радиотехника', NULL, '2', 'f', 4, 3, '2022-11-07 16:39:13', '2022-11-07 16:39:13', NULL),
       (4, 'Алексей Ананьев',
        'Мой родной город находится очень далеко от Екатеринбурга, около тысячи километров. За год до экзаменов я и не знал о существовании УрФУ, о нём мне рассказали друзья. Так как я не хотел поступать в Москву, Санкт-Петербург, я очень заинтересовался данным вариантом. Поискал в интернете информацию и сразу понял: "Хочу учиться там!". Возможности, уровень обучения, город. Всё меня устраивало. Сдал экзамены достаточно хорошо и подал документы. К счастью, можно было это сделать дистанционно. При выборе направлений подготовки мой взгляд пал на "Программную инженерию" и "Инфокоммуникационные технологии и системы связи". Конечно, я склонялся к первому варианту, ведь я чётко понимал с чем будет связана деятельность. Но из-за рисков непопадания в первую волну остановился на втором. Какое счастье было, когда я узнал от преподавателей с чем нам предстоит работать... Простым языком мы будем программистами, связистами и инженерами. Все эти составляющие мне очень нравятся.',
        'Инфокоммуникационные технологии и системы связи', NULL, '2', 'f', 7, 3, '2022-11-07 16:42:36',
        '2022-11-07 16:42:36', NULL),
       (5, 'Анастасия Пиксаева',
        'Изначально планировала поступать в университет Иннополис, но отбор я не прошла, и выбор пал на УрФУ, т.к. в городе у меня много знакомых, я его знаю, и здесь есть прекрасные возможности развиваться в IT-сфере. Говоря о программе, ввиду своего проектного прошлого, мне нужна была новая и интересная программа, где я могла бы продолжить заниматься проектами, ИВТ удовлетворило это желание.',
        'Информатика и вычислительная техника', NULL, '2', 'f', 8, 3, '2022-11-07 16:44:04', '2022-11-07 16:44:04',
        NULL),
       (6, 'Пётр Кузьмин',
        'Со школы любил математику и информатику, поэтому направление было понятно сразу. Но на желаемую специальность не прошёл, поэтому можно сказать, что попал на программу «Радиоэлектронные системы» по счастливой случайности.',
        'Радиоэлектронные системы', 2008, NULL, 'f', 9, 3, '2022-11-07 16:47:24', '2022-11-07 16:47:24', NULL);

-- 2023-03-08 09:53:45.056791+00

-- Adminer 4.8.1 PostgreSQL 10.3 (Debian 10.3-1.pgdg90+1) dump

INSERT INTO "discipline_semester" ("semester_id", "discipline_id")
VALUES (1, 1),
       (2, 2),
       (3, 3),
       (3, 4),
       (3, 5),
       (3, 6),
       (3, 7),
       (3, 8),
       (3, 9),
       (6, 10),
       (6, 11),
       (6, 12),
       (6, 13),
       (6, 14),
       (7, 15),
       (7, 16),
       (7, 17),
       (7, 18),
       (7, 19),
       (7, 20),
       (4, 21),
       (4, 23),
       (4, 24),
       (4, 25),
       (4, 26),
       (4, 27),
       (5, 27),
       (5, 28),
       (5, 29),
       (5, 30),
       (5, 31),
       (7, 32),
       (6, 32),
       (5, 32),
       (7, 27),
       (6, 27),
       (8, 33),
       (5, 34);

INSERT INTO "professions" ("id", "title", "description", "headhunter_search_text", "vacancies_count",
                           "area_vacancies_count", "maximal_salary", "minimal_salary", "median_salary", "photo_id",
                           "user_id", "created_at", "updated_at", "deleted_at")
VALUES (1, 'Front-end разработчик', 'Нет описания!', 'Front-end OR JavaScript OR JS OR React', 3450, 256, 450000, 20000,
        130000, 147, 1, '2023-02-18 20:51:51', '2023-04-10 00:03:11', NULL),
       (2, 'Аналитик данных',
        'Аналитик данных (или дата-аналитик) — это специалист, который собирает, обрабатывает, изучает и интерпретирует данные. Его работа помогает принимать решения в бизнесе, управлении и науке.',
        'Data Analyst OR Analyst', 21176, 1423, 400000, 15000, 85000, 131, 1, '2023-02-22 21:07:27',
        '2023-04-10 00:02:47', NULL),
       (3, 'Инженер данных',
        'Инженер данных или Data Engineer — это специалист, который занимается построением и обслуживанием инфраструктуры для работы с данными, а также их предварительной обработкой. Инженер не участвует в анализе, но обеспечивает аналитиков нужными мощностями, инструментами и подготовленными данными.',
        'Data Engineer', 223, 15, 400000, 30000, 195000, 189, 1, '2023-02-22 21:08:50', '2023-04-10 00:02:08', NULL),
       (4, 'ML-инженер',
        'Специалист по Machine Learning, или ML-инженер анализирует большие объёмы информации, создаёт модели для прогнозирования в бизнесе, медицине, промышленности. Задача ML-инженера — обучать нейросети, проектировать аналитические системы и рекомендательные сервисы на основе алгоритмов машинного обучения.',
        'Machine Learning', 125, 12, 400000, 40000, 175000, 184, 1, '2023-02-22 21:10:02', '2023-04-10 00:00:51', NULL),
       (5, 'Backend-разработчик',
        'Бэк-энд разработчик — это специалист, который занимается программно-административной частью веб-приложения, внутренним содержанием системы, серверными технологиями — базой данных, архитектурой, программной логикой.',
        'Back-end OR Backend OR Backend Developer OR Back-end Developer OR Backend разработчик OR бэкенд разработчик',
        1691, 129, 600000, 25000, 150000, 174, 1, '2023-02-22 21:11:46', '2023-04-10 00:03:23', NULL),
       (6, 'Fullstack-разработчик',
        'Fullstack Developer — это разработчик, который принимает непосредственное участие во всех этапах разработки веб-приложений — от создания клиентской части (визуальная часть + пользовательская логика) до реализации серверной (базы данных, серверная архитектура, программная логика).',
        'Fullstack Developer', 258, 19, 375000, 30000, 140000, 178, 1, '2023-02-22 21:13:14', '2023-04-10 00:03:51',
        NULL),
       (7, 'Администратор баз данных',
        'Администратор баз данных - специалист, отвечающий за выработку требований к базе данных, её проектирование, реализацию, эффективное использование и сопровождение, включая управление учётными записями пользователей БД и защиту от несанкционированного доступа.',
        'Database OR Database Administrator OR DBA OR MySQL OR Oracle DB OR PostgreSQL', 3447, 310, 500000, 20000,
        135000, 186, 1, '2023-02-22 21:16:24', '2023-04-10 00:01:23', NULL),
       (8, 'Разработчик баз данных',
        'Разработчик баз данных - это специалист, в деятельность которого входит создание баз данных, их укомплектование, модернизация и обслуживание.',
        'Database Developer OR MySQL OR Oracle DB OR PostgreSQL', 3350, 301, 500000, 20000, 135000, 187, 1,
        '2023-02-22 21:17:46', '2023-04-10 00:01:38', NULL),
       (9, 'Архитектор баз данных',
        'Архитектор баз данных  — опытный технический специалист, который руководит целой группой сотрудников, обслуживающих систематизированный массив четко структурированной взаимосвязанной информации — базы данных, хранящейся в цифровом формате.',
        'Database Architect', 8, 0, 250000, 199500, 224750, 182, 1, '2023-02-22 21:18:59', '2023-04-09 00:02:04', NULL),
       (10, 'Мобильный разработчик',
        'Разработчик мобильных приложений - это программист, который создает приложения (программы) для телефонов, планшетов и других мобильных устройств.',
        'Mobile developer', 403, 19, 500000, 20000, 120000, 175, 1, '2023-02-22 21:20:25', '2023-04-10 00:03:27', NULL),
       (11, 'Разработчик игр', 'Разработчики игр – программист, который при помощи движков создает различные игры.',
        'Gamedev', 208, 6, 500000, 20000, 100000, 129, 1, '2023-02-22 21:23:14', '2023-04-10 00:02:49', NULL),
       (12, 'Разработчик Windows приложений',
        'Разработчик приложений для Windows - создает программы, приложения, поддерживаемые ОП Windows.',
        'Desktop developer', 103, 6, 300000, 25000, 100000, 173, 1, '2023-02-22 21:27:06', '2023-04-10 00:02:51', NULL),
       (13, 'Менеджер проектов',
        'Менеджер проектов составляет план разработки сайта, организует команду и выстраивает весь процесс так, чтобы он соблюдался и был выполнен в срок',
        'Project manager', 12400, 920, 600000, 20000, 100000, 185, 1, '2023-02-22 21:28:24', '2023-04-10 00:01:09',
        NULL),
       (14, 'Системный аналитик',
        'Системный аналитик помогает оптимизировать и автоматизировать работу компании и её подразделений. Этот специалист разбирается в менеджменте, экономике и информационных технологиях — помогает скоординировать процесс разработки ПО так, чтобы результат был максимально продуктивным.',
        'Analyst OR System analyst', 21176, 1423, 400000, 15000, 85000, 177, 1, '2023-02-22 21:29:30',
        '2023-04-10 00:03:48', NULL),
       (15, 'Бизнес-аналитик',
        'Бизнес-аналитик помогает компании сформулировать потребности, разработать решения, которые будут полезны, и провести необходимые изменения. При этом он умеет правильно донести информацию всем заинтересованным лицам',
        'Business analyst', 933, 101, 600000, 15000, 104200, 128, 1, '2023-02-22 21:31:49', '2023-04-10 00:04:16',
        NULL),
       (16, 'Продуктовый аналитик',
        'Продуктовый аналитик работает с цифрами, его главная задача — сделать так, чтобы продукт рос или вырастить его с нуля. Метрики, по которым это отслеживают, зависят от самого продукта, бизнеса и стратегии. Проще говоря, продуктовый аналитик собирает и изучает данные, которые могут быть полезны для развития продукта.',
        'Product analyst', 350, 15, 400000, 30000, 120000, 172, 1, '2023-02-22 21:33:08', '2023-04-10 00:02:54', NULL),
       (17, 'Технический писатель',
        'Технический писатель - специалист, занимающийся документированием в рамках решения технических задач, в частности разработки программного обеспечения. Основная задача технического писателя — написание документа, который бы удовлетворял определённым требованиям.',
        'Technical writer OR Technical author', 264, 27, 450000, 19500, 85000, 176, 1, '2023-02-22 21:34:23',
        '2023-04-10 00:03:29', NULL),
       (18, 'DevOps инженер',
        'DevOps инженер — это специалист, который синхронизирует этапы разработки программного продукта, знает, в чем заключается работа разработчиков, QA, менеджеров, и автоматизирует их задачи, умеет программировать и быстро изучает новые инструменты.',
        'DevOps', 783, 84, 700000, 35000, 180000, 183, 1, '2023-02-22 21:35:28', '2023-04-10 00:00:50', NULL),
       (19, 'Маркетолог',
        'Маркетолог — это специалист по продвижению товаров и услуг на рынке. Это человек, который знает вкусы и предпочтения аудитории и умеет предложить именно то, чего сейчас требуют потенциальные покупатели.',
        'Marketing', 18001, 960, 25000000, 15000, 82500, 136, 1, '2023-02-22 21:37:21', '2023-04-10 00:02:27', NULL),
       (20, 'Программист 1C',
        'Программисты 1С занимаются внедрением и сопровождением программ 1С в организациях: устанавливают и настраивают, дорабатывают и обновляют их, а ещё консультируют пользователей.',
        '1C OR 1C developer', 115097, 5643, 465000, 18000, 120000, 188, 1, '2023-02-22 21:38:53', '2023-04-10 00:02:06',
        NULL),
       (21, 'Специалист по информационной безопасности',
        'Специалист по информационной безопасности обеспечивает конфиденциальность данных, предотвращает утечку или несанкционированный доступ к информации, принимает непосредственное участие в создании системы защиты информации, ее аудите и мониторинге, анализирует информационные риски',
        'Information Security Specialist', 983, 78, 350000, 17500, 60000, 163, 1, '2023-02-22 21:40:30',
        '2023-04-10 00:00:24', NULL),
       (22, 'Инженер-робототехник',
        'Инженер-робототехник – специалист, который разрабатывает архитектуру и вводит в эксплуатацию роботов, приборы и сложные робототехнические системы.',
        'robots', 163, 8, 260000, 25000, 60000, 184, 1, '2023-02-22 21:43:01', '2023-04-10 00:04:18', NULL),
       (23, 'UX/UI дизайнер',
        'UX-дизайнер исследует ЦА, продумывает структуру продукта, анализирует пользовательские пути, а визуализирует его концепцию UI-специалист. Так как работа над UX- и UI-дизайном тесно связана между собой, чаще всего ею занимается один и тот же человек.',
        'design OR ux/ui OR designer', 18388, 953, 325000, 15000, 65000, 180, 1, '2023-02-22 21:44:40',
        '2023-04-10 00:04:36', NULL),
       (24, 'Продуктовый дизайнер',
        'Продуктовый дизайнер формирует концепцию продукта, определяет, как с помощью дизайна решать проблемы бизнеса и достигать поставленных целей, и вместе с менеджером продукта ведет продуктовую команду к воплощению стратегии.',
        'product designer OR design', 18205, 947, 325000, 15000, 65000, 179, 1, '2023-02-22 21:45:51',
        '2023-04-10 00:04:09', NULL),
       (25, 'Тестировщик',
        'Тестировщик — это специалист, который занимается проверкой работоспособности десктопных программ и мобильных приложений.',
        'test OR QA engineers', 10414, 779, 750000, 15000, 75000, 181, 1, '2023-02-22 21:47:39', '2023-04-10 00:00:41',
        NULL),
       (26, 'IoT-разработчик',
        'iOT разработку еще называют m2m разработкой (Machine-to-Machine). Упрощенно, это система, в которой устройства обмениваются данными между собой без участия человека. Это могут быть системы охраны предприятия, системы «умного дома» или учетная система для логистической компании.',
        'IoT OR IoT engineer', 245, 21, 400000, 30000, 90000, 146, 1, '2023-02-22 21:50:13', '2023-04-10 00:00:16',
        NULL);


-- -------------------------------------------------------------
-- TablePlus 4.8.8(450)
--
-- https://tableplus.com/
--
-- Database: c65638_staging_api_iot_nik_web_ru
-- Generation Time: 2023-04-08 19:58:55.2250
-- -------------------------------------------------------------


INSERT INTO "professional_trajectories" ("id", "title", "description", "color", "abbreviated_name", "user_id",
                                         "created_at", "updated_at", "deleted_at")
VALUES (1, 'Data-science',
        '<p><strong style="color: rgb(32, 33, 36);">Data Science</strong><span style="color: rgb(32, 33, 36);">&nbsp;– это использование научных методов в работе с большими данными для того, чтобы найти нужное решение.&nbsp;</span><strong style="color: rgb(32, 33, 36);">Data Scientist</strong><span style="color: rgb(32, 33, 36);">&nbsp;работает с данными так же, как учёный любой сферы знания. Он применяет математическую статистику, логические принципы и современные инструменты визуализации, чтобы получить результат.</span></p>',
        '#3547f4', 'data', 1, '2023-03-19 13:57:50', '2023-03-19 14:41:04', NULL),
       (2, 'Web-разработка',
        '<p><strong style="color: rgb(32, 33, 36);">WEB</strong><span style="color: rgb(32, 33, 36);">-</span><strong style="color: rgb(32, 33, 36);">разработка</strong><span style="color: rgb(32, 33, 36);">&nbsp;— процедура создания&nbsp;</span><strong style="color: rgb(32, 33, 36);">WEB</strong><span style="color: rgb(32, 33, 36);">-приложения или&nbsp;</span><strong style="color: rgb(32, 33, 36);">WEB</strong><span style="color: rgb(32, 33, 36);">-сайта. Основными этапами этого процесса являются такие мероприятия, как&nbsp;</span><strong style="color: rgb(32, 33, 36);">WEB</strong><span style="color: rgb(32, 33, 36);">-дизайн, вёрстка страниц сайта,&nbsp;</span><strong style="color: rgb(32, 33, 36);">WEB</strong><span style="color: rgb(32, 33, 36);">-программирование на стороне сервера и клиента, а также работы по конфигурированию&nbsp;</span><strong style="color: rgb(32, 33, 36);">WEB</strong><span style="color: rgb(32, 33, 36);">-сервера.</span></p>',
        '#3689F5', 'web', NULL, '2023-03-19 13:57:50', '2023-03-19 13:57:50', NULL),
       (3, 'Администрирование баз данных',
        '<p><strong style="color: rgb(0, 0, 0);">Администрирование данных</strong><span style="color: rgb(0, 0, 0);">&nbsp;— управление&nbsp;информационными&nbsp;ресурсами, включая планирование&nbsp;базы данных, разработку и внедрение&nbsp;стандартов, определение ограничений и процедур, а также концептуальное и логическое проектирование баз данных.</span></p>',
        '#FA541C', 'database', NULL, '2023-03-19 13:57:50', '2023-03-19 13:57:50', NULL),
       (4, 'Mobile разработка',
        '<p><strong style="color: rgb(32, 33, 36);">Разработка</strong><span style="color: rgb(32, 33, 36);">&nbsp;приложений для&nbsp;</span><strong style="color: rgb(32, 33, 36);">мобильных</strong><span style="color: rgb(32, 33, 36);">&nbsp;устройств —&nbsp;</span><strong style="color: rgb(32, 33, 36);">это</strong><span style="color: rgb(32, 33, 36);">&nbsp;процесс, при котором приложения разрабатываются для небольших портативных устройств, таких, как КПК, смартфоны или сотовые телефоны.</span></p>',
        '#36C8F5', 'mobile', NULL, '2023-03-19 13:57:50', '2023-03-19 13:57:50', NULL),
       (5, 'GameDev',
        '<p><strong style="color: rgb(32, 33, 36);">Геймдев</strong><span style="color: rgb(32, 33, 36);">&nbsp;(</span><strong style="color: rgb(32, 33, 36);">GameDev</strong><span style="color: rgb(32, 33, 36);">, от английского games development — «разработка игр») — процесс создания игры: от разработки и дизайна до выпуска на рынок.&nbsp;</span><strong style="color: rgb(32, 33, 36);">Это</strong><span style="color: rgb(32, 33, 36);">&nbsp;могут быть игры для мобильных телефонов, консолей, компьютеров или других гаджетов.</span></p>',
        '#6236F5', 'gamedev', NULL, '2023-03-19 13:57:50', '2023-03-19 13:57:50', NULL),
       (6, 'Desktop разработка',
        '<p><span style="color: rgb(32, 33, 36);">Десктопное приложение —&nbsp;</span><strong style="color: rgb(32, 33, 36);">программа, которая устанавливается на компьютер пользователя и работает под управлением операционной системы</strong><span style="color: rgb(32, 33, 36);">. Такие приложения высокопроизводительные, могут работать напрямую с принтерами, сканерами, факсами и прочей техникой.</span></p>',
        '#36F5E2', 'desktop', NULL, '2023-03-19 13:57:50', '2023-03-19 13:57:50', NULL),
       (7, 'Управление проектами',
        '<p><span style="color: rgb(77, 81, 86);">Управление проектами — деятельность по решению задач и достижению поставленных целей проекта. Согласно PMBOK, управление проектами есть применение знаний, навыков, инструментов и техник при выполнении проектной деятельности для достижения требований проекта и запланированных результатов.</span></p>',
        '#A8F536', 'projects', NULL, '2023-03-19 13:57:50', '2023-03-19 13:57:50', NULL),
       (8, 'Аналитика',
        '<p><strong style="color: rgb(17, 17, 17);"><em>В широком смысле IT-аналитик — это специалист собирающий и делающий выводы на основе данных</em></strong><span style="color: rgb(17, 17, 17);">. Рабочий процесс аналитика состоит из сбора, обработки и заключения. Результат работы помогает ответить на вопрос — чего хочет заказчик?</span></p>',
        '#36F562', 'analytics', NULL, '2023-03-19 13:57:50', '2023-03-19 13:57:50', NULL),
       (9, 'DevOps',
        '<p><span style="color: rgb(77, 81, 86);">DevOps — методология активного взаимодействия специалистов по разработке со специалистами по информационно-технологическому обслуживанию и взаимная интеграция их рабочих процессов друг в друга для обеспечения качества продукта.</span></p>',
        '#FA8C16', 'devops', NULL, '2023-03-19 13:57:50', '2023-03-19 13:57:50', NULL),
       (10, 'Интернет-маркетинг',
        '<p><span style="color: rgb(77, 81, 86);">Интернет-маркетинг — практика использования всех аспектов традиционного маркетинга в Интернете, с целью продажи продукта или услуги покупателям и управления взаимоотношениями с ними.</span></p>',
        '#36F5A2', 'marketing', NULL, '2023-03-19 13:57:50', '2023-03-19 13:57:50', NULL),
       (11, 'Программирование 1с, ERP',
        '<p><strong style="color: rgb(32, 33, 36);">Программирование 1С</strong><span style="color: rgb(32, 33, 36);">&nbsp;направлено на то, чтобы максимально подстроить систему под особенности конкретного бизнеса. Это позволит: упростить работу персонала и сделать ее максимально удобной; проще и быстрее принимать управленческие решения.</span></p>',
        '#E236F5', '1c', NULL, '2023-03-19 13:57:50', '2023-03-19 13:57:50', NULL),
       (12, 'Информационная безопасность',
        '<p><span style="color: rgb(77, 81, 86);">Информационная безопасность — практика предотвращения несанкционированного доступа, использования, раскрытия, искажения, изменения, исследования, записи или уничтожения информации. Это универсальное понятие применяется вне зависимости от формы, которую могут принимать данные.</span></p>',
        '#73D13D', 'security', NULL, '2023-03-19 13:57:50', '2023-03-19 13:57:50', NULL),
       (13, 'Робототехника',
        '<p><span style="color: rgb(77, 81, 86);">Робототе́хника — прикладная наука, занимающаяся разработкой автоматизированных технических систем и являющаяся важнейшей технической основой развития производства.</span></p>',
        '#F53689', 'robots', NULL, '2023-03-19 13:57:50', '2023-03-19 13:57:50', NULL),
       (14, 'Дизайн',
        '<p><span style="color: rgb(51, 51, 51);">Дизайнер&nbsp;— специалист, разрабатывающий визуальную часть ИТ-продукта. Реализовать творческие способности можно в&nbsp;трёх направлениях: графический дизайн, веб-дизайн и&nbsp;гейм-дизайн. Принимать дизайнера за&nbsp;свободную, эксцентричную личность, творящую только в&nbsp;паре с&nbsp;музой, ошибочно. Он&nbsp;воплощает в&nbsp;жизнь требования клиента, оформленные в&nbsp;виде чётких указаний (ТЗ), отступить от&nbsp;которых значит получить на&nbsp;выходе иной результат, нежели хотел заказчик.</span></p>',
        '#E8F536', 'ux/ui', NULL, '2023-03-19 13:57:50', '2023-03-19 13:57:50', NULL),
       (15, 'Тестирование',
        '<p><strong style="color: rgb(0, 0, 0);">Тести́рование програ́ммного обеспе́че́ния</strong><span style="color: rgb(0, 0, 0);">&nbsp;— процесс исследования, испытания&nbsp;программного продукта, имеющий своей целью проверку соответствия между реальным поведением программы и её ожидаемым поведением на конечном наборе тестов, выбранных определённым образом</span></p>',
        '#A236F5', 'tests', NULL, '2023-03-19 13:57:50', '2023-03-19 13:57:50', NULL),
       (16, 'IOT',
        '<p><span style="color: rgb(77, 81, 86);">Интернет вещей — концепция сети передачи данных между физическими объектами, оснащёнными встроенными средствами и технологиями для взаимодействия друг с другом или с внешней средой.</span></p>',
        '#F53649', 'iot', NULL, '2023-03-19 13:57:50', '2023-03-19 13:57:50', NULL);

-- 2023-03-08 09:48:03.169915+00

-- Adminer 4.8.1 PostgreSQL 10.3 (Debian 10.3-1.pgdg90+1) dump

INSERT INTO "profession_professional_trajectory" ("profession_id", "professional_trajectory_id")
VALUES (1, 2),
       (2, 1),
       (3, 1),
       (4, 1),
       (5, 2),
       (6, 2),
       (7, 3),
       (8, 3),
       (9, 3),
       (10, 4),
       (11, 5),
       (12, 6),
       (13, 7),
       (14, 8),
       (15, 8),
       (16, 8),
       (17, 8),
       (18, 9),
       (19, 10),
       (20, 11),
       (21, 12),
       (22, 13),
       (23, 14),
       (24, 14),
       (25, 15),
       (26, 16);

-- 2023-03-08 09:49:47.938723+00

-- Adminer 4.8.1 PostgreSQL 10.3 (Debian 10.3-1.pgdg90+1) dump

INSERT INTO "course_assembly_professional_trajectory" ("course_assembly_id", "professional_trajectory_id",
                                                       "course_assembly_level_digital_value")
VALUES (28, 9, 1),
       (30, 8, 1),
       (30, 7, 1),
       (31, 3, 1),
       (32, 15, 1),
       (33, 6, 1),
       (33, 5, 1),
       (33, 16, 1),
       (34, 12, 1),
       (37, 2, 1),
       (38, 1, 1),
       (39, 4, 1),
       (42, 2, 1),
       (43, 2, 1),
       (43, 4, 1),
       (44, 8, 1),
       (45, 11, 1),
       (46, 16, 1),
       (53, 12, 1),
       (85, 2, 1),
       (116, 2, 1),
       (182, 13, 1),
       (179, 1, 1),
       (21, 1, 1),
       (21, 2, 1),
       (48, 8, 1),
       (48, 10, 1),
       (96, 10, 1),
       (170, 10, 1),
       (19, 2, 1),
       (66, 14, 1),
       (49, 2, 1),
       (67, 4, 1),
       (68, 14, 1),
       (41, 16, 1),
       (50, 3, 1),
       (97, 11, 1),
       (51, 8, 1),
       (36, 4, 1),
       (47, 5, 1),
       (174, 7, 1),
       (174, 8, 1),
       (52, 14, 1),
       (54, 8, 1),
       (54, 7, 1),
       (55, 14, 1),
       (80, 1, 1),
       (57, 8, 1),
       (57, 9, 1),
       (57, 7, 1),
       (58, 1, 1),
       (59, 8, 1),
       (60, 7, 1),
       (60, 8, 1),
       (62, 8, 1),
       (25, 2, 1),
       (25, 3, 1),
       (27, 2, 1),
       (27, 6, 1),
       (22, 2, 1),
       (22, 4, 1),
       (24, 2, 1),
       (23, 2, 1),
       (26, 5, 1),
       (72, 3, 1),
       (82, 2, 3),
       (106, 8, 1),
       (84, 2, 1),
       (175, 2, 1),
       (86, 2, 3),
       (87, 9, 1),
       (74, 1, 1),
       (89, 6, 1),
       (89, 5, 1),
       (90, 2, 1),
       (88, 2, 1),
       (101, 10, 1),
       (69, 3, 3),
       (176, 12, 1),
       (176, 15, 1),
       (176, 8, 1),
       (74, 8, 1),
       (75, 14, 1),
       (76, 16, 1),
       (61, 13, 1),
       (61, 8, 1),
       (116, 6, 1),
       (117, 5, 1),
       (79, 2, 1),
       (107, 7, 1),
       (118, 8, 1),
       (56, 2, 1),
       (56, 3, 1),
       (177, 1, 1),
       (81, 9, 1),
       (178, 8, 1),
       (35, 4, 1),
       (109, 2, 1),
       (118, 7, 1),
       (110, 5, 1),
       (111, 2, 1),
       (112, 2, 3),
       (113, 1, 1),
       (113, 2, 3),
       (114, 2, 3),
       (121, 11, 1),
       (115, 11, 1),
       (183, 8, 1),
       (183, 7, 1),
       (119, 8, 1),
       (119, 7, 1),
       (120, 8, 1),
       (120, 7, 1),
       (120, 15, 1),
       (40, 1, 1),
       (123, 1, 1),
       (124, 9, 1),
       (184, 13, 1),
       (185, 1, 1),
       (186, 6, 3),
       (186, 5, 1),
       (187, 14, 1),
       (188, 14, 1),
       (189, 14, 1),
       (189, 15, 1),
       (190, 1, 3),
       (20, 3, 1),
       (83, 1, 3),
       (83, 2, 1);

-- 2023-03-08 09:40:19.397113+00

-- -------------------------------------------------------------
-- TablePlus 4.8.8(450)
--
-- https://tableplus.com/
--
-- Database: c65638_constructor_iot_backend_n
-- Generation Time: 2023-03-24 23:10:49.3390
-- -------------------------------------------------------------


-- -------------------------------------------------------------
-- TablePlus 4.8.8(450)
--
-- https://tableplus.com/
--
-- Database: c65638_api_iot_nik_web_ru
-- Generation Time: 2023-03-25 20:21:33.6740
-- -------------------------------------------------------------


INSERT INTO "public"."frequently_asked_questions" ("id", "question", "answer", "user_id", "created_at", "updated_at",
                                                   "deleted_at")
VALUES (1, 'В чем преимущество ИОТ?',
        '<p>ИОТ позволяет самостоятельно конструировать собственный уникальный маршрут обучения в университете. Система ИОТ ориентирована на индивидуализацию студента в учебном пространстве как по уровню сложности, так и по выбору дисциплин, что позволяет ему углубленно изучить выбранную траекторию и стать конкурентоспособнее на рынке труда.</p>',
        2, '2023-03-24 23:15:38', '2023-03-24 23:15:38', NULL),
       (2, 'Как я с этим справлюсь?',
        '<p>Навигатором в мире ИОТ для первокурсника станет тьютор, который профессионально поможет ориентироваться в образовательном пространстве, в мире новых локаций, понятий и правил. Определить первоочередные задачи и спрогнозировать возможность их достижения с помощью образовательных предложений, которые делает университет.</p><p>Главными руководителями в мире профессиональных и научно-исследовательских достижений станут преподаватели, а также руководители образовательных программ.</p>',
        2, '2023-03-24 23:16:02', '2023-03-24 23:16:02', NULL),
       (3, 'С кем я буду учиться?',
        '<p>Каждый семестр, на основе выбора студента (форма обучения, уровень сложности) формируются учебные команды. Здесь студент-айтишник может встретиться со студентами радиотехнических и инженерных направлений. За 4 года в общеуниверситетском пространстве каждый обучающийся становится участником минимум 20 смешанных учебных команд. При этом, понятие академической группы сохраняется на некоторых дисциплинах, например, «Введение в специальность».</p>',
        2, '2023-03-24 23:16:26', '2023-03-24 23:16:26', NULL),
       (4, 'Что выбрать: онлайн или традиционный курс?',
        '<p>Традиционная форма предусматривает непосредственное присутствие на лекциях, семинарах и прямой контакт с преподавателями.</p><p>Выбор онлайн-курса позволяет студенту самостоятельно распределять время освоения учебного материала, но при этом существуют контрольные точки и дедлайны. При возникновении вопросов по курсу, студент всегда может обратиться за помощью в онлайн-форме или проконсультироваться с преподавателями университета.</p><p>Онлайн-курсы не уступают традиционным, так как являются полностью сертифицированными, и соответствуют современным образовательным стандартам, содержат актуальные знания.</p>',
        2, '2023-03-24 23:16:46', '2023-03-24 23:16:46', NULL),
       (5, 'Кем я стану, когда получу диплом?',
        '<p>Университет гарантирует каждому выпускнику-бакалавру базовую профессиональную подготовку по направлению, которое он сам выберет при поступлении или в процессе обучения.Диплом бакалавра дает возможности для начала карьеры, а также позволяет продолжить обучение в магистратуре.</p><p>Выбор индивидуальных образовательных траекторий дает возможность получать именно те знания и компетенции, которые максимально раскроют потенциал студента и позволят успешно выйти на современный рынок труда. Система ИОТ способствует формированию универсальных компетенций, которые необходимы каждому:</p><ul><li>опыт проектной деятельности;</li><li>опыт работы в команде;</li><li>навыки межкультурного взаимодействия;</li><li>цифровая культура;</li><li>критическое и креативное мышление;</li><li>способность к продуктивному действию в условиях неопределенности и дефицита данных.</li></ul>',
        2, '2023-03-24 23:17:07', '2023-03-24 23:17:32', NULL),
       (6, 'Если я выбрал обучение на онлайн-курсе, у меня будет возможность общаться с преподавателями?',
        '<p>Общение с преподавателями предусмотрено в чате на платформе «Открытое образование», на которой реализуются онлайн-курсы. Кроме того, можно подойти с вопросом к преподавателям УрФУ, которые помогут прояснить непонятные моменты.</p>',
        2, '2023-03-24 23:17:54', '2023-03-24 23:17:54', NULL),
       (7, 'Если я не сдам экзамен по онлайн курсу, будет ли возможность пересдать?',
        '<p>Как и для всех курсов, для онлайн-курсов предусмотрены две пересдачи.</p>', 2, '2023-03-24 23:18:14',
        '2023-03-24 23:18:14', NULL);

-- -------------------------------------------------------------
-- TablePlus 4.8.8(450)
--
-- https://tableplus.com/
--
-- Database: c65638_staging_api_iot_nik_web_ru
-- Generation Time: 2023-04-08 20:05:44.0600
-- -------------------------------------------------------------


INSERT INTO "roles" ("id", "slug", "name", "permissions", "created_at", "updated_at")
VALUES (1, 'admin', 'Администратор',
        '{"faq": "1", "logs": "1", "courses": "1", "reviews": "1", "contacts": "1", "partners": "1", "employees": "1", "institutes": "1", "disciplines": "1", "professions": "1", "platform.index": "1", "educationalModules": "1", "educationalPrograms": "1", "platform.systems.roles": "1", "platform.systems.users": "1", "professionalTrajectories": "1", "platform.systems.attachment": "1"}',
        '2023-04-06 23:03:31', '2023-04-06 23:03:31'),
       (2, 'editor', 'Редактор',
        '{"faq": "1", "logs": "0", "courses": "1", "reviews": "1", "contacts": "1", "partners": "1", "employees": "1", "institutes": "1", "disciplines": "1", "professions": "1", "platform.index": "1", "educationalModules": "1", "educationalPrograms": "1", "platform.systems.roles": "0", "platform.systems.users": "0", "professionalTrajectories": "1", "platform.systems.attachment": "1"}',
        '2023-04-06 23:04:18', '2023-04-06 23:06:18');

-- -------------------------------------------------------------
-- TablePlus 4.8.8(450)
--
-- https://tableplus.com/
--
-- Database: c65638_staging_api_iot_nik_web_ru
-- Generation Time: 2023-04-08 20:05:59.5350
-- -------------------------------------------------------------


INSERT INTO "role_users" ("user_id", "role_id")
VALUES (1, 1),
       (2, 1),
       (3, 1),
       (4, 1),
       (6, 1);
